time,ax,ay,az,atotal
0.012134075164794922,-0.17,0.19,0.91,0.94
0.014417886734008789,-0.1,0.3,1.26,1.29
0.02565598487854004,-0.01,0.22,0.37,0.43
0.03049492835998535,0.05,0.04,-0.37,0.37
0.04042696952819824,0.04,-0.06,-0.48,0.48
0.05090594291687012,-0.06,-0.06,-0.25,0.26
0.06044578552246094,-0.13,-0.02,0.01,0.13
0.07616996765136719,-0.19,-0.05,0.15,0.24
0.08023881912231445,-0.19,-0.11,0.16,0.27
0.0903310775756836,-0.15,-0.11,0.06,0.19
0.1012887954711914,-0.09,-0.09,-0.01,0.12
0.1105189323425293,-0.07,-0.07,-0.01,0.09
0.12879610061645508,-0.06,-0.07,0.02,0.09
0.13020801544189453,-0.04,-0.05,0.01,0.06
0.14055895805358887,-0.04,-0.02,-0.01,0.04
0.1503148078918457,-0.04,0.05,0.01,0.06
0.1627497673034668,-0.05,0.05,0.08,0.1
0.17030000686645508,-0.08,0.01,0.06,0.1
0.18034076690673828,-0.08,-0.02,0.07,0.1
0.19045305252075195,-0.07,-0.03,0.07,0.1
0.20032191276550293,-0.04,-0.03,0.09,0.1
0.21585893630981445,-0.02,0.01,0.13,0.13
0.21996498107910156,0.0,0.01,0.08,0.08
0.2302379608154297,0.0,-0.01,0.06,0.06
0.24039387702941895,-0.01,-0.05,0.05,0.07
0.2502329349517822,-0.03,-0.1,0.05,0.11
0.2644538879394531,-0.04,-0.12,0.06,0.13
0.2700068950653076,-0.07,-0.12,0.07,0.15
0.2802588939666748,-0.08,-0.12,0.05,0.15
0.29033994674682617,-0.07,-0.13,0.04,0.15
0.30091381072998047,-0.08,-0.1,0.09,0.15
0.3157029151916504,-0.04,-0.09,0.16,0.18
0.3199639320373535,-0.01,-0.07,0.16,0.17
0.3303408622741699,0.02,-0.04,0.13,0.13
0.3401939868927002,0.02,-0.04,0.12,0.12
0.35021400451660156,0.01,-0.04,0.14,0.14
0.3643817901611328,0.03,0.01,0.17,0.17
0.37008190155029297,0.02,0.05,0.21,0.21
0.38010597229003906,0.02,0.08,0.28,0.29
0.3903219699859619,0.04,0.09,0.3,0.31
0.400723934173584,0.05,0.1,0.29,0.31
0.4159870147705078,0.07,0.09,0.3,0.32
0.41992902755737305,0.06,0.07,0.35,0.36
0.4300980567932129,0.06,0.1,0.38,0.39
0.4400920867919922,0.04,0.09,0.38,0.39
0.4506549835205078,-0.03,0.05,0.38,0.38
0.4661250114440918,-0.01,0.04,0.35,0.35
0.4699110984802246,0.03,0.06,0.36,0.36
0.4800858497619629,0.05,0.06,0.39,0.39
0.49016904830932617,0.09,0.01,0.51,0.51
0.5007028579711914,0.14,-0.14,0.57,0.6
0.5159521102905273,0.2,-0.29,0.48,0.59
0.5197658538818359,0.22,-0.39,0.49,0.66
0.5300719738006592,0.27,-0.49,0.6,0.82
0.5399649143218994,0.13,-0.61,0.45,0.76
0.5499589443206787,0.14,-0.65,0.5,0.83
0.5647587776184082,0.38,-0.74,0.52,0.98
0.5698239803314209,0.51,-0.83,0.42,1.06
0.579765796661377,0.51,-0.85,0.51,1.11
0.5900099277496338,0.21,-0.73,0.78,1.08
0.6000280380249023,0.09,-0.59,0.85,1.03
0.6153388023376465,0.09,-0.52,0.8,0.95
0.6197869777679443,0.15,-0.42,0.74,0.86
0.6299948692321777,0.18,-0.29,0.62,0.7
0.6399850845336914,0.22,-0.14,0.54,0.59
0.6505417823791504,0.23,-0.07,0.58,0.62
0.6661078929901123,0.22,-0.12,0.67,0.71
0.6698727607727051,0.24,-0.23,0.7,0.77
0.6799230575561523,0.22,-0.34,0.64,0.75
0.6899418830871582,0.16,-0.42,0.63,0.77
0.7004709243774414,0.1,-0.46,0.72,0.86
0.7154579162597656,0.05,-0.47,0.74,0.87
0.7195110321044922,0.03,-0.48,0.65,0.8
0.7298119068145752,0.01,-0.48,0.57,0.74
0.739962100982666,-0.05,-0.53,0.55,0.76
0.7503979206085205,-0.1,-0.65,0.47,0.8
0.7648940086364746,-0.16,-0.76,0.36,0.85
0.7694969177246094,-0.3,-0.87,0.34,0.98
0.7799201011657715,-0.45,-0.98,0.49,1.18
0.7897768020629883,-0.55,-1.07,0.53,1.31
0.7997980117797852,-0.68,-1.08,0.56,1.39
0.8143448829650879,-0.77,-0.98,0.55,1.36
0.8194899559020996,-0.84,-0.81,0.6,1.31
0.8297519683837891,-0.82,-0.54,0.72,1.21
0.8397769927978516,-0.78,-0.26,0.83,1.16
0.8503360748291016,-0.82,-0.12,0.77,1.13
0.8654699325561523,-0.75,0.08,0.7,1.02
0.8693869113922119,-0.67,0.22,0.72,1.0
0.8797569274902344,-0.6,0.23,0.81,1.03
0.8896608352661133,-0.54,0.2,0.91,1.07
0.8996858596801758,-0.53,0.17,1.06,1.19
0.9141440391540527,-0.46,0.11,1.2,1.28
0.9193298816680908,-0.36,0.05,1.24,1.29
0.9296789169311523,-0.25,-0.05,1.21,1.23
0.9396638870239258,-0.14,-0.18,1.09,1.11
0.9502677917480469,0.0,-0.33,0.95,1.0
0.965580940246582,0.08,-0.5,0.92,1.05
0.9693260192871094,0.13,-0.64,0.95,1.15
0.9795539379119873,0.11,-0.76,0.98,1.24
0.9898569583892822,0.07,-0.86,0.99,1.31
1.0002479553222656,0.02,-0.99,1.01,1.41
1.014983892440796,-0.04,-1.05,1.06,1.49
1.0196170806884766,-0.1,-1.03,1.07,1.48
1.029313087463379,-0.19,-0.98,1.01,1.42
1.0400190353393555,-0.25,-0.89,1.06,1.4
1.04945707321167,-0.28,-0.77,1.14,1.4
1.0638480186462402,-0.29,-0.68,1.19,1.4
1.0694518089294434,-0.31,-0.61,1.22,1.39
1.0795660018920898,-0.31,-0.55,1.24,1.39
1.0894899368286133,-0.35,-0.53,1.26,1.41
1.0994210243225098,-0.44,-0.47,1.24,1.39
1.114043951034546,-0.52,-0.46,1.3,1.47
1.119602918624878,-0.5,-0.46,1.36,1.52
1.129666805267334,-0.51,-0.47,1.37,1.53
1.1393680572509766,-0.54,-0.46,1.34,1.51
1.1494088172912598,-0.6,-0.41,1.37,1.55
1.1638119220733643,-0.6,-0.39,1.6,1.75
1.1696958541870117,-0.5,-0.37,1.72,1.82
1.179542064666748,-0.69,-0.29,1.42,1.6
1.18949294090271,-0.77,-0.15,1.37,1.57
1.1992859840393066,-0.52,-0.09,1.49,1.58
1.2144029140472412,-0.39,-0.13,1.86,1.9
1.2198948860168457,-0.6,-0.09,1.97,2.06
1.2295150756835938,-0.85,0.15,1.9,2.08
1.239177942276001,-0.9,0.39,1.71,1.97
1.249234914779663,-0.92,0.57,1.74,2.04
1.2655398845672607,-0.83,0.68,1.98,2.25
1.2692370414733887,-0.71,0.8,2.03,2.29
1.2793729305267334,-0.67,0.94,1.97,2.28
1.2892439365386963,-0.72,1.04,1.9,2.28
1.3000750541687012,-0.77,1.07,1.85,2.27
1.316044807434082,-0.71,1.14,1.76,2.21
1.3192639350891113,-0.6,1.28,1.88,2.35
1.3292760848999023,-0.57,1.46,2.04,2.57
1.3390488624572754,-0.48,1.65,1.9,2.56
1.3498668670654297,-0.47,1.93,1.52,2.5
1.363813877105713,-0.52,2.33,1.32,2.72
1.3688719272613525,-0.52,2.73,1.36,3.09
1.3792319297790527,-0.44,2.97,1.43,3.32
1.3891520500183105,-0.29,3.15,1.06,3.33
1.3997550010681152,-0.19,3.36,0.32,3.38
1.413978099822998,-0.24,3.29,-0.18,3.3
1.4188528060913086,-0.34,2.58,-0.51,2.65
1.429110050201416,-0.36,1.56,-0.9,1.83
1.4389779567718506,-0.28,0.5,-1.05,1.19
1.4496259689331055,0.05,-0.34,-1.01,1.06
1.4650731086730957,0.31,-0.9,-0.93,1.33
1.468949794769287,0.46,-1.18,-0.91,1.55
1.4790949821472168,0.62,-1.19,-0.89,1.61
1.488926887512207,0.82,-1.0,-0.95,1.6
1.4996180534362793,0.85,-0.79,-1.08,1.58
1.5162458419799805,0.75,-0.57,-1.23,1.54
1.518838882446289,0.62,-0.41,-1.24,1.44
1.5290660858154297,0.51,-0.32,-1.11,1.26
1.5389080047607422,0.43,-0.26,-0.62,0.79
1.5489521026611328,0.4,-0.36,-0.21,0.57
1.5644488334655762,0.39,-0.54,-0.19,0.69
1.568659782409668,0.39,-0.71,-0.32,0.87
1.57896089553833,0.36,-0.95,-0.32,1.06
1.5887689590454102,0.31,-1.22,-0.31,1.29
1.5996770858764648,0.23,-1.43,-0.28,1.47
1.615811824798584,0.23,-1.54,-0.2,1.56
1.6187129020690918,0.23,-1.67,-0.12,1.69
1.628957986831665,0.19,-1.74,-0.05,1.75
1.638740062713623,0.16,-1.75,-0.05,1.75
1.6493709087371826,0.16,-1.79,-0.06,1.79
1.6667308807373047,0.17,-1.8,-0.04,1.8
1.6685199737548828,0.13,-1.81,0.01,1.81
1.6787528991699219,0.05,-1.81,0.01,1.81
1.6888139247894287,-0.03,-1.78,0.02,1.78
1.6995148658752441,-0.04,-1.71,0.04,1.71
1.71647310256958,-0.07,-1.72,0.05,1.72
1.7186980247497559,-0.09,-1.76,0.07,1.76
1.7288498878479004,-0.02,-1.73,0.1,1.73
1.73866605758667,0.05,-1.65,0.13,1.65
1.7493469715118408,0.07,-1.63,0.15,1.63
1.765523910522461,0.09,-1.6,0.18,1.61
1.76841402053833,0.12,-1.52,0.32,1.55
1.778721809387207,0.12,-1.48,0.43,1.54
1.7885971069335938,0.12,-1.46,0.58,1.57
1.7993049621582031,-0.01,-1.45,0.66,1.59
1.8166799545288086,-0.14,-1.39,0.35,1.44
1.8185558319091797,0.27,-1.12,0.52,1.26
1.8286948204040527,0.56,-0.72,1.27,1.56
1.8385639190673828,0.38,-0.3,1.74,1.8
1.8492369651794434,0.11,0.02,1.75,1.75
1.8671088218688965,-0.2,0.38,1.42,1.48
1.8682548999786377,0.04,0.8,1.18,1.42
1.8786110877990723,0.3,1.08,1.47,1.84
1.8884730339050293,0.75,1.35,1.89,2.44
1.8985819816589355,1.02,1.59,2.15,2.86
1.9162349700927734,1.21,1.9,2.25,3.18
1.918138027191162,1.32,2.06,2.19,3.28
1.9285650253295898,1.42,2.08,2.05,3.24
1.9384338855743408,1.34,2.1,1.64,2.98
1.94911789894104,0.97,2.34,1.62,3.0
1.9668219089508057,0.56,2.64,2.09,3.41
1.9681978225708008,0.19,3.03,2.05,3.66
1.9786138534545898,-0.25,3.76,1.58,4.08
1.9883151054382324,-0.65,4.48,1.36,4.72
1.9984829425811768,-0.89,4.65,1.24,4.89
2.0172410011291504,-0.86,4.14,0.53,4.26
2.018040895462036,-0.77,3.24,-0.52,3.37
2.0285120010375977,-0.56,2.12,-1.62,2.72
2.0383968353271484,-0.57,1.04,-2.44,2.71
2.0484158992767334,-0.57,-0.01,-2.49,2.55
2.0666279792785645,-0.56,-1.17,-1.9,2.3
2.068044900894165,-0.75,-2.1,-1.05,2.46
2.0784339904785156,-0.8,-2.6,-0.61,2.78
2.0885190963745117,-0.65,-2.19,-1.01,2.49
2.099050998687744,-0.52,-1.39,-1.85,2.37
2.1178579330444336,-0.25,-0.78,-2.25,2.39
2.118525981903076,-0.17,-0.28,-1.89,1.91
2.1284239292144775,-0.22,0.1,-1.18,1.2
2.138537883758545,-0.17,0.29,-0.61,0.69
2.1491198539733887,-0.11,0.3,-0.46,0.56
2.167367935180664,-0.15,0.08,-0.58,0.6
2.168212890625,-0.13,-0.29,-0.65,0.72
2.1783437728881836,-0.05,-0.76,-0.51,0.91
2.188720941543579,-0.01,-1.28,-0.32,1.31
2.198967933654785,0.1,-1.69,-0.26,1.71
2.2180919647216797,0.27,-1.95,-0.35,1.99
2.218740940093994,0.42,-2.17,-0.5,2.26
2.22822904586792,0.45,-2.31,-0.67,2.44
2.2388200759887695,0.44,-2.39,-0.79,2.55
2.248671054840088,0.35,-2.42,-0.79,2.56
2.267857074737549,0.27,-2.4,-0.64,2.49
2.268446922302246,0.18,-2.46,-0.35,2.49
2.278264045715332,0.06,-2.56,-0.26,2.57
2.2888669967651367,-0.08,-2.58,-0.29,2.59
2.29879093170166,-0.28,-2.53,-0.29,2.56
2.3175559043884277,-0.4,-2.44,-0.2,2.48
2.3190808296203613,-0.49,-2.38,-0.07,2.43
2.32818603515625,-0.58,-2.35,0.0,2.42
2.3388819694519043,-0.62,-2.25,0.02,2.33
2.348288059234619,-0.65,-2.0,-0.08,2.1
2.368088960647583,-0.67,-1.65,-0.11,1.78
2.368797779083252,-0.68,-1.36,0.2,1.53
2.3781700134277344,-0.77,-1.08,0.64,1.47
2.387972831726074,-1.12,-0.82,0.7,1.55
2.398250102996826,-1.05,-0.36,0.68,1.3
2.4184370040893555,-0.48,0.29,1.08,1.21
2.419304847717285,-0.58,0.76,1.26,1.58
2.42803692817688,-0.86,1.17,1.33,1.96
2.4380109310150146,-1.09,1.68,1.45,2.47
2.4487409591674805,-1.24,2.11,1.51,2.87
2.467134952545166,-1.23,2.44,1.7,3.21
2.4677889347076416,-1.06,2.62,1.95,3.43
2.477963924407959,-0.98,2.6,1.95,3.39
2.4879660606384277,-1.04,2.56,1.64,3.21
2.4979639053344727,-1.06,2.61,1.52,3.2
2.517210006713867,-0.9,2.66,1.51,3.18
2.517871856689453,-0.52,2.91,1.74,3.43
2.5279970169067383,-0.15,3.26,1.89,3.77
2.537803888320923,0.25,3.85,1.81,4.26
2.547959804534912,0.47,4.49,1.72,4.83
2.5675859451293945,0.37,4.88,1.27,5.05
2.5681989192962646,0.4,4.95,0.45,4.98
2.577949047088623,0.49,4.34,-0.57,4.4
2.587841033935547,0.56,3.04,-1.37,3.38
2.5978989601135254,0.73,1.65,-1.69,2.47
2.6186039447784424,0.86,0.29,-1.69,1.91
2.6192729473114014,0.93,-0.87,-1.58,2.02
2.627875804901123,1.0,-1.59,-1.19,2.22
2.637716770172119,1.18,-1.88,-0.69,2.32
2.6478419303894043,1.37,-1.82,-0.54,2.34
2.666886806488037,1.52,-1.46,-0.92,2.29
2.66753888130188,1.5,-0.84,-1.56,2.32
2.6775150299072266,1.14,-0.11,-1.99,2.29
2.6877028942108154,0.93,0.53,-1.78,2.07
2.697813034057617,0.74,0.76,-1.19,1.59
2.717888832092285,0.41,0.47,-0.86,1.06
2.7185330390930176,0.11,-0.04,-0.91,0.91
2.7275638580322266,-0.06,-0.57,-1.04,1.18
2.7376670837402344,-0.18,-1.17,-1.05,1.58
2.7476649284362793,-0.33,-1.71,-1.03,2.02
2.7679858207702637,-0.43,-2.12,-0.95,2.36
2.768624782562256,-0.51,-2.41,-0.84,2.6
2.7774300575256348,-0.52,-2.56,-0.8,2.73
2.7876529693603516,-0.53,-2.62,-0.84,2.8
2.797640800476074,-0.5,-2.64,-0.81,2.8
2.817568778991699,-0.48,-2.67,-0.78,2.82
2.8182168006896973,-0.4,-2.64,-0.75,2.77
2.8277029991149902,-0.35,-2.61,-0.7,2.72
2.8375749588012695,-0.29,-2.53,-0.66,2.63
2.847585916519165,-0.19,-2.46,-0.54,2.52
2.8682937622070312,-0.1,-2.3,-0.28,2.31
2.8689329624176025,-0.04,-2.1,-0.08,2.1
2.8772878646850586,-0.03,-1.93,0.08,1.93
2.887392044067383,0.03,-1.7,0.25,1.71
2.8974978923797607,0.11,-1.46,0.28,1.49
2.9192590713500977,0.27,-1.24,0.18,1.28
2.9198989868164062,0.38,-1.0,-0.04,1.07
2.927292823791504,0.42,-0.7,-0.08,0.82
2.937417984008789,0.49,-0.41,0.25,0.68
2.9475440979003906,0.59,-0.12,0.69,0.91
2.968100070953369,0.4,0.22,0.9,1.0
2.9687390327453613,0.31,0.68,1.07,1.3
2.9775447845458984,0.83,1.17,1.43,2.02
2.9873690605163574,1.13,1.59,1.74,2.61
2.997410774230957,0.89,1.94,1.7,2.72
3.01973295211792,0.66,2.25,1.73,2.91
3.020354986190796,0.74,2.38,1.64,2.98
3.0271377563476562,0.74,2.26,1.4,2.75
3.037405014038086,0.83,1.99,1.25,2.49
3.0473718643188477,0.99,1.59,1.03,2.13
3.068854808807373,1.07,1.18,0.66,1.72
3.0694708824157715,0.71,1.2,0.91,1.66
3.0774219036102295,0.11,1.47,1.58,2.16
3.087354898452759,-0.59,1.97,1.53,2.56
3.0971717834472656,-1.14,2.88,1.19,3.31
3.1191458702087402,-1.28,3.71,1.03,4.05
3.119788885116577,-0.99,4.06,0.52,4.21
3.1271309852600098,-0.56,3.89,-0.34,3.94
3.1372570991516113,-0.16,3.15,-1.25,3.39
3.1473209857940674,-0.17,2.2,-1.91,2.91
3.169600009918213,-0.29,1.39,-2.07,2.51
3.1702380180358887,-0.61,0.57,-1.59,1.79
3.1769819259643555,-0.96,-0.54,-0.77,1.34
3.1871337890625,-1.23,-1.38,-0.24,1.86
3.197256088256836,-1.24,-1.59,-0.26,2.03
3.219528913497925,-1.18,-0.97,-0.69,1.67
3.2201547622680664,-1.02,-0.15,-1.17,1.55
3.2270009517669678,-0.62,0.43,-1.39,1.58
3.2371609210968018,-0.48,1.02,-1.44,1.82
3.2472000122070312,-0.36,1.56,-1.46,2.16
3.269887924194336,-0.1,1.57,-1.46,2.14
3.270534038543701,0.02,0.85,-1.34,1.58
3.276956081390381,-0.01,-0.23,-1.0,1.02
3.2870960235595703,0.03,-1.2,-0.57,1.32
3.2970759868621826,0.0,-1.96,-0.27,1.97
3.3199610710144043,0.02,-2.59,-0.22,2.59
3.320612907409668,0.08,-3.08,-0.35,3.1
3.326930046081543,0.15,-3.41,-0.63,3.47
3.3369839191436768,0.32,-3.51,-0.96,3.65
3.347011089324951,0.59,-3.5,-1.13,3.72
3.369262933731079,0.7,-3.45,-1.1,3.68
3.36989688873291,0.62,-3.36,-0.88,3.52
3.3767199516296387,0.38,-3.28,-0.64,3.36
3.3868980407714844,0.13,-3.15,-0.42,3.18
3.3971478939056396,0.01,-2.99,-0.3,3.0
3.40686297416687,-0.1,-2.77,-0.2,2.77
3.4194068908691406,-0.17,-2.53,-0.16,2.54
3.4267210960388184,-0.24,-2.19,-0.17,2.2
3.4368209838867188,-0.39,-1.74,-0.11,1.78
3.446855068206787,-0.61,-1.34,-0.02,1.47
3.45682692527771,-0.75,-1.01,0.04,1.25
3.47048282623291,-0.88,-0.7,0.08,1.12
3.4765710830688477,-0.99,-0.48,0.08,1.1
3.486936092376709,-1.13,-0.36,0.15,1.19
3.4969067573547363,-1.2,-0.17,0.6,1.35
3.507420063018799,-1.25,0.18,1.27,1.79
3.5218729972839355,-1.33,0.67,1.67,2.23
3.5265350341796875,-1.48,1.24,1.79,2.63
3.536794900894165,-1.23,1.79,1.78,2.8
3.54681396484375,-0.77,2.26,1.63,2.89
3.557446002960205,-0.66,2.64,1.55,3.13
3.5722579956054688,-1.03,2.74,1.7,3.38
3.5763919353485107,-1.16,2.59,1.83,3.37
3.5866618156433105,-1.28,2.34,1.75,3.19
3.5968008041381836,-1.03,2.16,1.5,2.82
3.6067049503326416,-0.58,2.22,1.55,2.76
3.6199541091918945,-0.35,2.5,1.78,3.08
3.6265859603881836,0.05,3.08,2.13,3.74
3.636706829071045,0.55,4.06,2.23,4.66
3.6467080116271973,0.84,5.29,2.08,5.74
3.656611919403076,0.93,5.99,1.14,6.16
3.6706480979919434,1.3,5.82,-0.4,5.97
3.6764819622039795,1.43,4.63,-1.84,5.18
3.6865358352661133,1.41,3.05,-2.59,4.24
3.6966779232025146,1.37,1.46,-2.63,3.3
3.706552028656006,1.24,0.01,-1.97,2.32
3.7203369140625,1.24,-1.18,-0.87,1.92
3.7262449264526367,1.41,-2.32,-0.26,2.72
3.7365708351135254,1.47,-2.74,-0.56,3.15
3.746661901473999,1.27,-1.79,-1.38,2.59
3.7564809322357178,1.03,-0.68,-2.35,2.65
3.770627975463867,0.85,0.28,-2.58,2.73
3.7761998176574707,0.58,1.03,-2.04,2.35
3.786508083343506,0.52,1.42,-1.48,2.11
3.796609878540039,0.44,1.45,-1.12,1.88
3.8063998222351074,0.27,0.98,-1.07,1.47
3.820746898651123,-0.03,0.18,-1.14,1.15
3.826119899749756,-0.22,-0.61,-1.18,1.34
3.836461067199707,-0.36,-1.37,-1.13,1.81
3.846510887145996,-0.39,-2.13,-0.95,2.36
3.8563549518585205,-0.37,-2.77,-0.83,2.91
3.8709499835968018,-0.38,-3.23,-0.92,3.37
3.87614107131958,-0.34,-3.44,-1.05,3.61
3.8863229751586914,-0.31,-3.44,-1.15,3.64
3.8963918685913086,-0.35,-3.29,-1.19,3.51
3.9063048362731934,-0.33,-3.04,-1.01,3.22
3.9213638305664062,-0.24,-2.72,-0.74,2.82
3.926076889038086,-0.14,-2.49,-0.5,2.54
3.936431884765625,-0.04,-2.37,-0.44,2.41
3.9463119506835938,-0.02,-2.25,-0.43,2.29
3.956265926361084,0.03,-2.07,-0.46,2.12
3.9709889888763428,0.12,-1.88,-0.41,1.92
3.9759140014648438,0.23,-1.74,-0.27,1.77
3.9863228797912598,0.39,-1.64,-0.25,1.7
3.99638295173645,0.49,-1.55,-0.35,1.66
4.006258964538574,0.52,-1.44,-0.39,1.57
4.0220818519592285,0.5,-1.29,-0.17,1.39
4.025968074798584,0.47,-1.1,0.4,1.26
4.036345958709717,0.44,-0.85,0.86,1.28
4.04630708694458,0.43,-0.43,1.05,1.21
4.056212902069092,0.46,0.21,1.22,1.32
4.071271896362305,0.55,0.91,1.49,1.83
4.075908899307251,0.67,1.53,1.77,2.43
4.08630895614624,0.75,2.14,1.81,2.9
4.096240043640137,0.79,2.71,1.63,3.25
4.106843948364258,1.3,2.88,1.48,3.48
4.122857093811035,1.74,2.61,1.61,3.52
4.126213073730469,1.51,2.2,1.64,3.13
4.136538028717041,1.17,1.71,1.65,2.64
4.145982980728149,0.8,1.19,1.33,1.95
4.156181812286377,0.21,1.04,0.92,1.4
4.172379970550537,-0.11,1.37,1.68,2.17
4.176121950149536,-0.46,1.87,2.09,2.84
4.186254024505615,-1.17,2.78,1.62,3.42
4.195944786071777,-1.39,3.93,1.47,4.42
4.205954074859619,-0.99,4.8,1.14,5.03
4.222560882568359,-0.61,5.04,0.2,5.08
4.2262067794799805,-0.32,4.45,-1.29,4.64
4.236238956451416,-0.16,3.21,-2.76,4.23
4.245875835418701,-0.16,1.96,-3.14,3.7
4.256048917770386,-0.4,0.64,-2.48,2.59
4.272288799285889,-0.85,-0.69,-1.25,1.66
4.276370048522949,-1.34,-1.87,-0.21,2.31
4.2862019538879395,-1.4,-2.39,-0.04,2.77
4.295876979827881,-1.23,-1.63,-0.75,2.17
4.305903911590576,-0.97,-0.58,-1.75,2.08
4.322473049163818,-0.47,0.1,-2.25,2.3
4.3264689445495605,-0.21,0.7,-2.11,2.23
4.336034774780273,-0.1,1.07,-1.75,2.05
4.345860004425049,-0.02,1.13,-1.31,1.73
4.355854034423828,0.12,0.82,-0.98,1.28
4.372007846832275,0.07,0.03,-1.03,1.03
4.375582933425903,0.0,-0.84,-0.93,1.25
4.385956764221191,0.06,-1.68,-0.65,1.8
4.395812034606934,0.08,-2.44,-0.41,2.47
4.405773878097534,0.1,-3.01,-0.32,3.02
4.422244071960449,0.14,-3.37,-0.44,3.4
4.42558479309082,0.21,-3.5,-0.65,3.56
4.4359118938446045,0.24,-3.42,-0.84,3.52
4.445763111114502,0.24,-3.23,-0.91,3.36
4.4557318687438965,0.21,-2.95,-0.79,3.06
4.472896099090576,0.14,-2.57,-0.63,2.64
4.47550892829895,-0.01,-2.24,-0.52,2.29
4.485841989517212,-0.12,-2.01,-0.35,2.04
4.4956231117248535,-0.18,-1.84,-0.12,1.85
4.5057549476623535,-0.24,-1.79,0.04,1.8
4.522734880447388,-0.33,-1.76,0.01,1.79
4.5254740715026855,-0.49,-1.67,-0.14,1.74
4.535588979721069,-0.63,-1.56,-0.26,1.7
4.545648097991943,-0.76,-1.49,-0.27,1.69
4.555706977844238,-0.94,-1.45,-0.3,1.75
4.572147846221924,-1.11,-1.37,-0.18,1.77
4.575321912765503,-1.19,-1.22,0.11,1.7
4.585587024688721,-1.2,-1.03,0.26,1.6
4.59555196762085,-1.21,-0.73,0.42,1.47
4.605614900588989,-1.2,-0.16,0.79,1.44
4.621882915496826,-1.26,0.48,1.15,1.77
4.625239849090576,-1.35,1.24,1.44,2.33
4.635417938232422,-1.24,2.03,1.67,2.9
4.645547866821289,-1.11,2.55,1.75,3.28
4.655566930770874,-1.29,2.85,1.63,3.52
4.6723949909210205,-1.15,2.97,1.5,3.52
4.675184965133667,-0.94,2.79,1.41,3.26
4.685340881347656,-1.15,2.36,1.19,2.88
4.69547700881958,-1.37,1.87,0.91,2.49
4.705444812774658,-1.2,1.67,1.04,2.3
4.722076892852783,-0.92,1.8,1.51,2.52
4.72516393661499,-0.32,2.14,1.78,2.8
4.735344886779785,0.49,2.94,1.4,3.29
4.745344877243042,0.93,4.1,0.82,4.28
4.755469799041748,0.92,4.88,0.33,4.97
4.772806882858276,0.93,4.81,-0.19,4.9
4.775053977966309,1.08,3.86,-0.95,4.11
4.785278797149658,1.22,2.49,-1.72,3.26
4.795361042022705,1.19,1.22,-2.11,2.71
4.805367946624756,1.11,0.22,-2.0,2.29
4.823256015777588,1.06,-0.66,-1.41,1.88
4.825002908706665,1.2,-1.32,-0.74,1.93
4.835247993469238,1.35,-1.52,-0.44,2.08
4.845303058624268,1.43,-1.09,-0.74,1.94
4.855208873748779,1.16,-0.47,-1.59,2.02
4.87272310256958,0.79,0.07,-2.25,2.38
4.875136852264404,0.48,0.57,-2.0,2.13
4.886197090148926,0.42,0.86,-1.02,1.39
4.895208835601807,0.31,0.77,-0.25,0.86
4.905263900756836,0.19,0.58,-0.12,0.62
4.923003911972046,0.08,0.4,-0.35,0.53
4.924899101257324,0.05,0.01,-0.73,0.73
4.9350690841674805,-0.02,-0.59,-0.95,1.11
4.94514799118042,-0.07,-1.28,-0.82,1.52
4.95531702041626,-0.1,-1.92,-0.56,2.0
4.972886085510254,-0.16,-2.4,-0.46,2.44
4.97486686706543,-0.15,-2.75,-0.49,2.79
4.985132932662964,-0.14,-3.0,-0.57,3.05
4.995070934295654,-0.2,-3.11,-0.64,3.18
5.005055904388428,-0.21,-3.08,-0.69,3.16
5.023407936096191,-0.22,-3.0,-0.75,3.1
5.02498197555542,-0.19,-2.87,-0.74,2.96
5.035070896148682,-0.16,-2.74,-0.64,2.81
5.0450439453125,-0.1,-2.67,-0.52,2.72
5.055113792419434,0.01,-2.52,-0.45,2.55
5.074109077453613,0.15,-2.34,-0.41,2.38
5.074810028076172,0.24,-2.24,-0.31,2.27
5.084835052490234,0.34,-2.13,-0.12,2.16
5.095006942749023,0.43,-1.91,0.06,1.95
5.105078935623169,0.54,-1.65,0.1,1.73
5.1234917640686035,0.59,-1.38,0.1,1.5
5.124794006347656,0.54,-1.07,0.22,1.21
5.134948968887329,0.49,-0.77,0.41,1.0
5.145229816436768,0.45,-0.41,0.79,0.99
5.155000925064087,0.49,-0.01,1.28,1.37
5.174111843109131,0.56,0.47,1.65,1.8
5.1747517585754395,0.58,1.02,1.75,2.1
5.184942960739136,0.64,1.57,1.65,2.36
5.194896936416626,0.75,2.01,1.63,2.69
5.204668045043945,0.99,2.33,1.69,3.04
5.222928047180176,1.19,2.49,1.64,3.21
5.224587917327881,1.37,2.48,1.63,3.26
5.234669923782349,1.79,2.36,1.64,3.38
5.244931936264038,1.95,2.1,1.52,3.24
5.255002975463867,1.27,2.15,1.25,2.79
5.274029970169067,0.32,2.66,1.52,3.08
5.274672031402588,-0.46,3.24,1.85,3.75
5.284733772277832,-1.27,4.03,1.93,4.64
5.295076847076416,-1.68,4.76,1.79,5.35
5.304910898208618,-1.44,5.03,1.21,5.37
5.323836803436279,-0.97,5.07,0.26,5.16
5.324502944946289,-0.53,4.61,-1.18,4.78
5.334681987762451,-0.25,3.76,-2.6,4.57
5.345160007476807,-0.04,2.65,-3.22,4.17
5.354950904846191,0.0,1.43,-2.99,3.31
5.3741888999938965,-0.23,0.26,-2.18,2.2
5.374837875366211,-0.66,-0.71,-1.13,1.48
5.384602069854736,-1.06,-1.4,-0.2,1.76
5.39518404006958,-1.29,-1.49,0.06,1.97
5.404764890670776,-1.31,-1.04,-0.51,1.74
5.423854827880859,-0.94,-0.51,-1.44,1.79
5.4244959354400635,-0.63,-0.03,-2.06,2.15
5.4345808029174805,-0.56,0.33,-1.99,2.09
5.444437026977539,-0.5,0.28,-1.43,1.54
5.458236932754517,-0.35,-0.26,-0.96,1.05
5.464466094970703,-0.09,-0.91,-0.88,1.26
5.474452972412109,0.09,-1.61,-0.97,1.88
5.484570026397705,0.2,-2.31,-0.86,2.47
5.494609832763672,0.33,-2.93,-0.6,3.0
5.509571075439453,0.43,-3.44,-0.55,3.51
5.514457941055298,0.49,-3.71,-0.69,3.8
5.524417877197266,0.55,-3.82,-0.89,3.96
5.534474849700928,0.59,-3.79,-1.12,3.99
5.544547080993652,0.6,-3.65,-1.18,3.88
5.559351921081543,0.49,-3.51,-0.99,3.67
5.564407825469971,0.4,-3.31,-0.68,3.4
5.574415922164917,0.25,-3.01,-0.4,3.04
5.584479808807373,0.06,-2.67,-0.19,2.67
5.59449577331543,-0.18,-2.35,0.03,2.35
5.609484910964966,-0.4,-1.99,0.14,2.03
5.614410877227783,-0.58,-1.65,0.19,1.75
5.624265909194946,-0.72,-1.41,0.23,1.59
5.634342908859253,-0.78,-1.27,0.26,1.51
5.644439935684204,-0.82,-1.19,0.15,1.45
5.659487962722778,-0.92,-1.06,-0.03,1.4
5.664387941360474,-1.16,-0.85,-0.04,1.43
5.674263954162598,-1.45,-0.61,0.16,1.58
5.684415817260742,-1.62,-0.35,0.28,1.68
5.694336891174316,-1.62,0.11,0.35,1.66
5.709839820861816,-1.55,0.77,0.55,1.81
5.714294910430908,-1.5,1.42,1.0,2.29
5.724029064178467,-1.3,2.02,1.5,2.83
5.734417915344238,-1.02,2.61,1.83,3.34
5.7443528175354,-0.85,3.05,1.95,3.71
5.760195970535278,-0.8,3.19,1.87,3.78
5.7642598152160645,-0.83,3.18,1.73,3.71
5.7741217613220215,-0.89,2.93,1.57,3.44
5.784451007843018,-1.12,2.36,1.11,2.83
5.7943267822265625,-1.15,1.86,0.62,2.27
5.810588836669922,-0.82,1.77,0.51,2.01
5.813949108123779,-0.36,1.86,0.9,2.09
5.824131011962891,-0.15,2.08,1.35,2.48
5.8343329429626465,0.22,2.82,1.58,3.23
5.844222068786621,0.59,3.77,1.28,4.02
5.859932899475098,0.83,4.34,0.42,4.43
5.863938808441162,1.32,4.29,-0.57,4.52
5.874011039733887,1.68,3.47,-1.58,4.16
5.884237766265869,1.62,2.32,-2.22,3.59
5.894196033477783,1.46,1.29,-2.26,2.98
5.909650802612305,1.31,0.36,-1.8,2.25
5.91392183303833,1.36,-0.45,-1.05,1.77
5.9239630699157715,1.43,-1.07,-0.54,1.86
5.933906078338623,1.31,-1.27,-0.57,1.91
5.944067001342773,1.06,-0.91,-1.01,1.72
5.959012031555176,0.68,-0.39,-1.49,1.68
5.96379280090332,0.36,0.19,-1.53,1.58
5.973975896835327,0.29,0.63,-1.2,1.38
5.9839630126953125,0.27,0.82,-1.01,1.32
5.993980884552002,0.24,0.82,-0.95,1.27
6.009533882141113,0.07,0.51,-0.86,1.0
6.0137858390808105,-0.1,-0.03,-0.7,0.7
6.023896932601929,-0.26,-0.61,-0.58,0.88
6.033840894699097,-0.39,-1.24,-0.42,1.36
6.0439910888671875,-0.47,-1.94,-0.28,2.01
6.05956506729126,-0.52,-2.65,-0.19,2.7
6.063726902008057,-0.46,-3.14,-0.25,3.18
6.073888778686523,-0.33,-3.45,-0.6,3.51
6.083681106567383,-0.28,-3.55,-0.95,3.68
6.093959808349609,-0.23,-3.47,-1.07,3.63
6.109034061431885,-0.2,-3.35,-0.93,3.48
6.113763809204102,-0.19,-3.23,-0.69,3.3
6.123816013336182,-0.15,-3.11,-0.5,3.15
6.133608818054199,-0.07,-2.98,-0.41,3.0
6.14386510848999,-0.04,-2.8,-0.42,2.83
6.159143924713135,-0.01,-2.61,-0.39,2.63
6.163956880569458,0.11,-2.4,-0.22,2.41
6.173672914505005,0.25,-2.11,-0.05,2.12
6.183682918548584,0.37,-1.8,-0.02,1.83
6.193866968154907,0.48,-1.48,0.01,1.55
6.209181785583496,0.62,-1.14,0.18,1.31
6.214120864868164,0.74,-0.78,0.37,1.13
6.223751068115234,0.86,-0.37,0.58,1.1
6.233755111694336,0.96,0.09,0.86,1.29
6.243823051452637,0.95,0.61,1.16,1.61
6.2594969272613525,0.94,1.17,1.35,2.01
6.264210939407349,0.88,1.72,1.41,2.39
6.273782968521118,0.8,2.17,1.47,2.74
6.283541917800903,0.82,2.5,1.53,3.04
6.293755054473877,0.94,2.64,1.56,3.2
6.309566020965576,1.13,2.64,1.59,3.28
6.314244985580444,1.3,2.6,1.56,3.29
6.323685884475708,1.38,2.46,1.37,3.13
6.333533763885498,1.22,2.21,1.01,2.71
6.3436479568481445,0.72,2.24,0.98,2.54
6.360470771789551,-0.05,2.49,1.48,2.89
6.363403797149658,-0.77,2.89,1.47,3.33
6.373603820800781,-1.13,3.5,1.35,3.91
6.383368015289307,-0.95,3.84,1.39,4.19
6.3936169147491455,-0.82,4.18,0.79,4.33
6.410676002502441,-0.66,4.39,-0.17,4.44
6.413453102111816,-0.32,3.96,-1.42,4.21
6.4235358238220215,-0.27,3.02,-2.22,3.75
6.433578014373779,-0.36,1.92,-1.93,2.74
6.443572998046875,-0.43,0.58,-1.18,1.38
6.461467981338501,-0.67,-0.73,-0.48,1.1
6.463402986526489,-0.99,-1.57,-0.13,1.86
6.473474025726318,-1.11,-1.75,-0.28,2.09
6.483661890029907,-1.08,-1.25,-0.81,1.83
6.493618011474609,-0.85,-0.55,-1.33,1.67
6.510756015777588,-0.52,0.03,-1.53,1.61
6.513204097747803,-0.34,0.54,-1.41,1.54
6.523329973220825,-0.34,0.78,-1.14,1.42
6.533152103424072,-0.29,0.69,-1.02,1.26
6.543351888656616,-0.3,0.29,-1.0,1.08
6.5604588985443115,-0.29,-0.45,-0.95,1.09
6.563137054443359,-0.24,-1.31,-0.74,1.52
6.573349952697754,-0.15,-2.15,-0.48,2.2
6.583185911178589,0.01,-2.86,-0.4,2.88
6.593389987945557,0.16,-3.39,-0.53,3.43
6.61077880859375,0.29,-3.61,-0.83,3.71
6.613105773925781,0.3,-3.62,-1.1,3.79
6.6232829093933105,0.25,-3.55,-1.09,3.72
6.633169889450073,0.24,-3.41,-0.89,3.53
6.643363952636719,0.13,-3.27,-0.77,3.36
6.660643100738525,0.0,-3.15,-0.72,3.23
6.6630330085754395,-0.06,-2.99,-0.64,3.05
6.673211097717285,-0.19,-2.8,-0.5,2.85
6.683093070983887,-0.32,-2.6,-0.33,2.64
6.693266868591309,-0.4,-2.45,-0.19,2.48
6.711242914199829,-0.49,-2.26,0.01,2.31
6.712944984436035,-0.64,-2.08,0.21,2.18
6.723186016082764,-0.82,-1.88,0.24,2.06
6.732960939407349,-0.99,-1.56,0.07,1.84
6.743231773376465,-1.1,-1.09,0.07,1.55
6.7614359855651855,-1.04,-0.67,0.39,1.29
6.762908935546875,-0.94,-0.33,0.73,1.23
6.773010969161987,-0.94,-0.03,1.04,1.4
6.782866954803467,-1.01,0.38,1.29,1.68
6.793220043182373,-1.05,0.89,1.44,1.99
6.811995983123779,-1.12,1.45,1.47,2.34
6.812825918197632,-1.19,2.02,1.42,2.74
6.823105812072754,-1.22,2.53,1.43,3.15
6.832889080047607,-1.17,2.91,1.54,3.49
6.843163013458252,-1.27,3.13,1.67,3.76
6.861776828765869,-1.34,3.23,1.62,3.85
6.862764835357666,-1.34,3.05,1.33,3.58
6.872982978820801,-1.15,2.75,0.82,3.09
6.882863998413086,-0.75,2.68,0.79,2.89
6.893138885498047,-0.35,2.75,1.31,3.06
6.9122679233551025,0.12,2.89,1.73,3.37
6.912909984588623,0.65,3.42,1.7,3.87
6.9229209423065186,1.04,4.16,1.29,4.47
6.932765960693359,1.02,4.71,0.48,4.84
6.943104982376099,1.06,4.79,-0.41,4.92
6.962131977081299,1.28,4.03,-1.36,4.44
6.962769031524658,1.4,2.78,-1.97,3.68
6.972819805145264,1.06,1.49,-2.07,2.76
6.982597827911377,0.71,0.31,-1.79,1.95
6.9930219650268555,0.55,-0.65,-1.47,1.69
7.01247501373291,0.65,-1.29,-0.97,1.73
7.013125896453857,0.96,-1.66,-0.79,2.07
7.022840976715088,1.23,-1.56,-1.2,2.32
7.032602787017822,1.11,-0.81,-1.85,2.3
7.0429909229278564,0.79,-0.17,-2.3,2.43
7.0622148513793945,0.62,0.32,-2.03,2.14
7.062853813171387,0.63,0.66,-1.29,1.58
7.072906017303467,0.6,0.78,-0.69,1.2
7.082633018493652,0.44,0.63,-0.53,0.93
7.09303092956543,0.2,0.11,-0.61,0.65
7.112793922424316,-0.09,-0.62,-0.71,0.94
7.113419055938721,-0.32,-1.29,-0.81,1.55
7.122737884521484,-0.47,-1.88,-0.85,2.11
7.1327338218688965,-0.55,-2.46,-0.77,2.63
7.142881870269775,-0.68,-2.92,-0.64,3.06
7.162726879119873,-0.72,-3.2,-0.68,3.34
7.163358926773071,-0.69,-3.36,-0.79,3.51
7.172558784484863,-0.69,-3.47,-0.87,3.64
7.182844877243042,-0.61,-3.46,-0.93,3.63
7.192866802215576,-0.47,-3.31,-0.93,3.47
7.213044881820679,-0.32,-3.15,-0.82,3.27
7.213672876358032,-0.24,-3.08,-0.72,3.17
7.222696781158447,-0.17,-2.98,-0.6,3.04
7.232967853546143,-0.03,-2.81,-0.49,2.85
7.242897033691406,0.04,-2.58,-0.34,2.6
7.262608051300049,0.1,-2.36,-0.11,2.36
7.263256072998047,0.23,-2.12,0.05,2.13
7.272555828094482,0.42,-1.85,0.07,1.89
7.283102989196777,0.61,-1.59,0.06,1.7
7.29276180267334,0.78,-1.26,0.16,1.49
7.3128368854522705,0.89,-0.83,0.41,1.28
7.313452959060669,0.94,-0.33,0.85,1.3
7.322436809539795,1.0,0.28,1.31,1.67
7.3331849575042725,1.17,0.95,1.65,2.23
7.342648983001709,1.26,1.68,1.83,2.78
7.36330509185791,1.25,2.37,1.9,3.28
7.363940954208374,1.2,2.89,1.78,3.6
7.372391939163208,1.21,3.25,1.65,3.84
7.382291793823242,1.28,3.35,1.54,3.9
7.392667770385742,1.33,3.15,1.46,3.71
7.4130859375,1.4,2.69,1.41,3.34
7.413727760314941,1.37,2.07,1.14,2.73
7.422316074371338,0.94,1.7,0.69,2.06
7.43228006362915,0.18,1.82,0.78,1.98
7.442327976226807,-0.6,2.16,1.28,2.58
7.463023900985718,-1.34,2.91,1.85,3.69
7.463656902313232,-1.62,3.69,2.27,4.62
7.4723169803619385,-1.38,4.15,1.54,4.63
7.482147932052612,-0.91,4.43,0.12,4.52
7.492254972457886,-0.27,4.02,-1.47,4.28
7.513174057006836,0.09,3.04,-2.75,4.1
7.513818979263306,-0.1,1.83,-2.91,3.43
7.52219295501709,-0.2,0.52,-2.22,2.28
7.5321550369262695,-0.37,-0.65,-1.14,1.36
7.54223895072937,-0.8,-1.52,-0.18,1.72
7.562855958938599,-1.36,-1.97,0.37,2.42
7.563436985015869,-1.59,-1.84,0.03,2.43
7.572144031524658,-1.45,-1.26,-0.94,2.13
7.582025051116943,-1.06,-0.58,-1.6,2.0
7.592148780822754,-0.7,0.09,-1.7,1.84
7.613803863525391,-0.43,0.67,-1.44,1.64
7.614433765411377,-0.16,1.04,-1.21,1.6
7.621952056884766,0.09,1.05,-1.06,1.49
7.631972789764404,0.13,0.58,-0.9,1.07
7.641963005065918,0.13,-0.31,-0.7,0.77
7.663384914398193,0.17,-1.28,-0.33,1.33
7.664004802703857,0.24,-2.12,-0.11,2.13
7.671933889389038,0.34,-2.79,-0.19,2.81
7.681866884231567,0.49,-3.3,-0.46,3.36
7.691917896270752,0.64,-3.57,-0.82,3.71
7.712990760803223,0.75,-3.63,-1.03,3.84
7.71357798576355,0.7,-3.65,-1.02,3.85
7.721906900405884,0.5,-3.64,-0.86,3.77
7.731879949569702,0.28,-3.61,-0.64,3.67
7.7418317794799805,0.05,-3.54,-0.42,3.56
7.763126850128174,-0.14,-3.34,-0.28,3.35
7.7636189460754395,-0.3,-3.01,-0.19,3.03
7.771873950958252,-0.46,-2.62,0.04,2.66
7.781811952590942,-0.58,-2.19,0.35,2.29
7.791879892349243,-0.71,-1.8,0.52,2.0
7.813913822174072,-0.77,-1.44,0.58,1.73
7.814472913742065,-0.88,-1.11,0.43,1.48
7.821732044219971,-1.09,-0.79,0.26,1.37
7.831755876541138,-1.31,-0.5,0.27,1.42
7.841866970062256,-1.42,-0.22,0.34,1.47
7.8644468784332275,-1.42,0.15,0.56,1.53
7.865083932876587,-1.46,0.65,0.91,1.83
7.8717780113220215,-1.47,1.21,1.41,2.36
7.88158392906189,-1.42,1.79,1.86,2.94
7.891791820526123,-1.38,2.34,2.0,3.37
7.9148828983306885,-1.28,2.84,1.9,3.64
7.915427923202515,-1.21,3.16,1.74,3.8
7.921669006347656,-1.33,3.15,1.55,3.75
7.931621074676514,-1.32,3.0,1.28,3.51
7.941813945770264,-1.19,2.95,1.06,3.35
7.964512825012207,-0.97,2.99,0.97,3.28
7.9651570320129395,-0.63,3.15,1.11,3.39
7.971612930297852,-0.2,3.5,1.48,3.8
7.981493949890137,0.21,3.94,1.63,4.26
7.9915900230407715,0.66,4.37,1.19,4.57
8.015050888061523,0.93,4.55,0.04,4.64
8.0156888961792,1.14,4.37,-1.28,4.69
8.021514892578125,1.22,3.65,-2.54,4.61
8.031513929367065,0.97,2.4,-3.27,4.17
8.041555881500244,0.91,1.16,-2.97,3.31
8.064268112182617,0.94,0.12,-2.01,2.22
8.064892768859863,0.93,-0.8,-0.86,1.49
8.071533918380737,1.07,-1.36,-0.09,1.73
8.081421852111816,1.2,-1.41,-0.18,1.86
8.091603755950928,1.1,-0.95,-0.73,1.62
8.114925861358643,1.02,-0.47,-1.29,1.71
8.115440845489502,1.0,0.0,-1.43,1.74
8.121546983718872,0.85,0.43,-1.23,1.55
8.131539821624756,0.47,0.64,-0.93,1.22
8.141516923904419,0.15,0.58,-0.72,0.93
8.16546893119812,-0.16,0.27,-0.73,0.79
8.16599178314209,-0.42,-0.27,-0.74,0.89
8.1714448928833,-0.62,-0.97,-0.74,1.36
8.181349992752075,-0.75,-1.64,-0.79,1.96
8.191428899765015,-0.8,-2.26,-0.81,2.53
8.201359987258911,-0.86,-2.79,-0.78,3.02
8.215004920959473,-0.84,-3.18,-0.74,3.37
8.221240997314453,-0.76,-3.43,-0.71,3.58
8.231350898742676,-0.7,-3.56,-0.67,3.68
8.241293907165527,-0.66,-3.59,-0.69,3.71
8.251256942749023,-0.54,-3.47,-0.74,3.58
8.265360832214355,-0.35,-3.3,-0.79,3.41
8.271306991577148,-0.25,-3.15,-0.84,3.26
8.281338930130005,-0.06,-3.01,-0.78,3.11
8.291392803192139,0.15,-2.82,-0.58,2.88
8.301600933074951,0.35,-2.53,-0.33,2.57
8.31614875793457,0.59,-2.17,-0.13,2.25
8.321438789367676,0.81,-1.82,0.07,1.99
8.331140995025635,0.97,-1.5,0.18,1.79
8.341356992721558,1.11,-1.13,0.15,1.59
8.351387023925781,1.14,-0.74,0.24,1.38
8.365889072418213,1.06,-0.42,0.48,1.23
8.371201992034912,1.03,-0.06,0.65,1.21
8.381388902664185,1.09,0.46,0.83,1.44
8.391142845153809,1.15,0.94,1.21,1.91
8.401006937026978,1.24,1.33,1.61,2.42
8.415410041809082,1.25,1.67,1.95,2.85
8.421186923980713,1.19,2.03,2.05,3.12
8.431199073791504,1.21,2.39,1.95,3.31
8.441179990768433,1.2,2.62,1.71,3.35
8.451268911361694,1.22,2.61,1.45,3.22
8.466198921203613,1.25,2.47,1.19,3.01
8.471171855926514,1.14,2.17,1.08,2.67
8.480998992919922,0.81,1.82,1.04,2.24
8.490983009338379,0.25,1.62,1.28,2.07
8.501306056976318,-0.55,1.72,1.64,2.43
8.516535758972168,-1.47,2.45,2.19,3.59
8.521090030670166,-1.87,3.24,3.01,4.8
8.530983924865723,-1.64,3.8,2.71,4.94
8.54099702835083,-1.26,4.56,1.16,4.87
8.55122995376587,-0.66,5.03,-1.2,5.21
8.566589832305908,-0.16,4.66,-3.54,5.85
8.570976972579956,-0.1,3.41,-4.13,5.35
8.580931901931763,-0.17,1.72,-2.73,3.23
8.59099292755127,-0.46,-0.05,-0.57,0.73
8.601139068603516,-0.87,-1.53,0.86,1.95
8.616931915283203,-0.99,-2.34,0.86,2.68
8.621019840240479,-0.93,-1.95,0.07,2.16
8.630903959274292,-0.85,-1.0,-0.82,1.54
8.640919923782349,-0.49,-0.27,-1.51,1.61
8.651103019714355,-0.21,0.41,-1.85,1.9
8.667330980300903,-0.06,0.81,-1.91,2.07
8.670951843261719,0.05,0.82,-1.94,2.1
8.681004047393799,-0.02,0.37,-2.06,2.09
8.690950870513916,-0.08,-0.4,-1.67,1.71
8.701004981994629,0.06,-1.34,-0.93,1.63
8.717323780059814,0.24,-2.3,-0.46,2.35
8.720866918563843,0.18,-2.99,-0.34,3.01
8.730875968933105,-0.04,-3.34,-0.27,3.35
8.740700960159302,-0.18,-3.43,-0.41,3.45
8.750756978988647,-0.15,-3.31,-0.73,3.39
8.766858100891113,-0.01,-3.17,-0.96,3.31
8.770811080932617,0.19,-2.99,-1.02,3.16
8.780694007873535,0.35,-2.75,-0.97,2.93
8.790709972381592,0.35,-2.54,-0.85,2.7
8.800700902938843,0.28,-2.45,-0.63,2.54
8.817063808441162,0.13,-2.48,-0.43,2.52
8.820708990097046,-0.1,-2.57,-0.3,2.58
8.830631971359253,-0.3,-2.61,-0.21,2.63
8.84070897102356,-0.51,-2.6,-0.12,2.65
8.850679874420166,-0.7,-2.57,-0.03,2.66
8.867434978485107,-0.78,-2.43,-0.04,2.55
8.870666980743408,-0.88,-2.11,-0.19,2.29
8.880674839019775,-0.95,-1.62,-0.24,1.89
8.890682935714722,-0.96,-1.07,0.18,1.44
8.900840759277344,-0.95,-0.54,0.85,1.38
8.917710781097412,-0.93,0.06,1.34,1.63
8.92064380645752,-0.95,0.87,1.51,1.98
8.930730819702148,-1.0,1.85,1.42,2.53
8.940528869628906,-1.04,2.79,1.31,3.25
8.950605869293213,-1.15,3.44,1.37,3.87
8.967498779296875,-1.14,3.64,1.49,4.09
8.970877885818481,-1.22,3.46,1.62,4.01
8.980545043945312,-1.29,3.21,1.78,3.89
8.990409851074219,-1.45,2.82,1.78,3.63
9.000464916229248,-1.59,2.28,1.46,3.13
9.018404006958008,-1.52,1.86,1.05,2.62
9.02080488204956,-1.17,1.8,0.87,2.31
9.03059196472168,-0.6,2.1,1.18,2.48
9.04041576385498,0.04,2.65,1.5,3.04
9.05040979385376,0.54,3.37,1.54,3.74
9.067168951034546,0.75,3.98,1.17,4.21
9.071034908294678,0.87,4.3,0.16,4.39
9.080442905426025,1.03,4.26,-1.33,4.58
9.090417861938477,1.13,3.49,-2.71,4.56
9.100358963012695,1.06,2.28,-3.07,3.96
9.117255926132202,0.99,1.06,-2.37,2.77
9.120926856994629,1.1,-0.13,-1.21,1.64
9.130407810211182,1.36,-1.12,-0.4,1.8
9.140308856964111,1.51,-1.52,-0.21,2.15
9.150338888168335,1.5,-1.07,-0.51,1.91
9.167644023895264,1.27,-0.43,-1.06,1.7
9.170166969299316,0.87,0.15,-1.36,1.62
9.180345058441162,0.51,0.62,-1.09,1.35
9.19030475616455,0.32,0.77,-0.73,1.1
9.20025110244751,0.27,0.67,-0.74,1.03
9.217925071716309,0.2,0.42,-0.94,1.04
9.220215797424316,0.02,-0.07,-1.17,1.17
9.23035192489624,-0.11,-0.69,-1.23,1.41
9.240211009979248,-0.25,-1.32,-1.01,1.68
9.250171899795532,-0.4,-2.01,-0.8,2.2
9.267837047576904,-0.56,-2.64,-0.8,2.81
9.270066976547241,-0.49,-3.11,-0.84,3.25
9.280245780944824,-0.02,-3.41,-0.87,3.51
9.290145874023438,0.31,-3.61,-0.79,3.7
9.300110816955566,0.2,-3.7,-0.74,3.77
9.318081855773926,-0.08,-3.68,-0.64,3.73
9.320199012756348,-0.21,-3.46,-0.7,3.53
9.330262899398804,-0.28,-3.11,-0.79,3.22
9.340127944946289,-0.18,-2.79,-0.68,2.87
9.350064992904663,0.04,-2.56,-0.49,2.6
9.369237899780273,0.16,-2.28,-0.4,2.32
9.370072841644287,0.15,-1.91,-0.28,1.93
9.380160808563232,0.17,-1.54,-0.01,1.54
9.39006495475769,0.2,-1.3,0.21,1.33
9.400056838989258,0.35,-1.17,0.28,1.25
9.417905807495117,0.49,-1.1,0.33,1.24
9.419925928115845,0.54,-1.01,0.55,1.27
9.430083990097046,0.57,-0.88,0.95,1.41
9.44001579284668,0.62,-0.6,1.26,1.52
9.449995040893555,0.7,-0.12,1.4,1.56
9.468293905258179,0.83,0.6,1.52,1.83
9.469875812530518,0.94,1.42,1.58,2.32
9.480073928833008,1.04,2.14,1.53,2.82
9.48991584777832,1.11,2.67,1.43,3.22
9.499931812286377,1.1,2.95,1.32,3.41
9.519015789031982,0.94,2.84,1.15,3.2
9.519784927368164,0.72,2.49,0.9,2.74
9.53004789352417,0.7,2.03,0.6,2.22
9.539902925491333,0.56,1.67,0.38,1.8
9.549915790557861,0.3,1.67,0.58,1.79
9.569861888885498,-0.13,2.06,1.02,2.3
9.570366859436035,-0.64,2.95,1.77,3.49
9.57997179031372,-0.82,3.92,2.5,4.72
9.589868068695068,-0.71,4.46,2.12,4.98
9.599795818328857,-0.38,4.66,0.59,4.71
9.61852502822876,0.0,4.43,-1.68,4.73
9.619740009307861,0.36,3.93,-3.7,5.4
9.629925966262817,0.39,2.96,-4.26,5.2
9.639856815338135,-0.16,1.63,-3.35,3.72
9.649816989898682,-0.72,0.29,-1.62,1.79
9.669565916061401,-1.11,-0.87,-0.09,1.41
9.670079946517944,-1.35,-1.75,0.57,2.28
9.679744958877563,-1.34,-1.87,0.14,2.3
9.689780950546265,-1.26,-0.88,-0.89,1.77
9.699749946594238,-0.82,-0.09,-1.84,2.01
9.719060897827148,-0.55,0.39,-2.18,2.28
9.719567775726318,-0.36,0.71,-1.91,2.06
9.729801893234253,-0.19,0.82,-1.41,1.64
9.739602088928223,-0.06,0.82,-1.0,1.29
9.749814987182617,0.02,0.54,-0.74,0.91
9.769360065460205,-0.05,-0.11,-0.51,0.52
9.769871950149536,-0.14,-0.98,-0.25,1.02
9.779781818389893,-0.12,-1.86,-0.13,1.86
9.789680004119873,-0.11,-2.65,-0.26,2.66
9.799642086029053,-0.08,-3.25,-0.55,3.29
9.818964004516602,-0.1,-3.63,-0.82,3.72
9.81946587562561,-0.02,-3.74,-0.98,3.86
9.829523086547852,0.13,-3.74,-1.09,3.89
9.839614868164062,0.1,-3.69,-1.17,3.87
9.849606990814209,0.13,-3.59,-1.0,3.72
9.86949896812439,0.41,-3.39,-0.47,3.44
9.870009899139404,0.49,-3.21,0.02,3.24
9.879548072814941,0.12,-2.93,0.2,2.93
9.889495849609375,-0.24,-2.52,0.21,2.54
9.899590015411377,-0.57,-2.17,0.0,2.24
9.91916799545288,-0.78,-1.94,-0.06,2.09
9.919667959213257,-0.76,-1.8,0.02,1.95
9.929564952850342,-0.71,-1.71,-0.11,1.85
9.939465045928955,-0.78,-1.51,-0.3,1.72
9.949594974517822,-0.88,-1.24,-0.1,1.52
9.969624996185303,-0.96,-0.98,0.29,1.4
9.970118045806885,-0.99,-0.61,0.74,1.37
9.979450941085815,-0.96,-0.06,1.05,1.42
9.98949909210205,-0.96,0.58,1.3,1.71
9.999366760253906,-0.96,1.24,1.51,2.17
10.019411087036133,-0.97,1.86,1.57,2.62
10.019903898239136,-0.91,2.41,1.63,3.04
10.029356002807617,-0.93,2.74,1.7,3.35
10.039761066436768,-1.09,2.82,1.67,3.45
10.049401760101318,-1.25,2.77,1.66,3.46
10.069216966629028,-1.45,2.56,1.69,3.39
10.069716930389404,-1.56,2.18,1.72,3.18
10.079250812530518,-1.33,1.95,1.49,2.79
10.08975601196289,-0.85,2.29,1.45,2.84
10.09926700592041,-0.43,2.64,1.7,3.16
10.119597911834717,-0.01,2.96,1.84,3.48
10.12008810043335,0.47,3.64,1.66,4.02
10.129255771636963,0.87,4.31,1.19,4.55
10.139801025390625,0.92,4.65,0.28,4.74
10.149365901947021,0.86,4.56,-1.05,4.75
10.169665813446045,0.8,3.83,-2.38,4.57
10.170165061950684,0.86,2.69,-3.08,4.17
10.179106950759888,0.81,1.51,-3.04,3.48
10.189105033874512,0.67,0.44,-2.25,2.38
10.203841924667358,0.64,-0.63,-1.02,1.35
10.209017992019653,0.78,-1.47,-0.21,1.67
10.218967914581299,1.05,-1.69,-0.06,1.99
10.22915506362915,1.22,-1.24,-0.47,1.8
10.239109992980957,0.92,-0.52,-1.2,1.59
10.253872871398926,0.62,0.12,-1.68,1.79
10.259066104888916,0.47,0.66,-1.69,1.87
10.26899003982544,0.36,0.9,-1.53,1.81
10.279242038726807,0.24,0.82,-1.39,1.63
10.289089918136597,0.15,0.48,-1.26,1.35
10.304080963134766,0.05,-0.05,-1.11,1.11
10.308963775634766,-0.07,-0.66,-0.96,1.16
10.318962097167969,-0.18,-1.23,-0.83,1.49
10.32908296585083,-0.26,-1.76,-0.7,1.91
10.33895492553711,-0.3,-2.26,-0.62,2.36
10.354286909103394,-0.29,-2.66,-0.61,2.74
10.358911037445068,-0.29,-2.96,-0.6,3.03
10.368889808654785,-0.38,-3.19,-0.63,3.27
10.379072904586792,-0.47,-3.34,-0.65,3.43
10.388875007629395,-0.54,-3.35,-0.65,3.45
10.404070854187012,-0.47,-3.28,-0.57,3.36
10.408876895904541,-0.31,-3.29,-0.44,3.33
10.418807983398438,-0.13,-3.28,-0.47,3.31
10.429061889648438,0.09,-3.13,-0.62,3.19
10.438885927200317,0.5,-2.84,-0.63,2.95
10.454646110534668,0.61,-2.55,-0.42,2.65
10.458858013153076,0.4,-2.27,-0.18,2.31
10.468842029571533,0.36,-1.99,0.11,2.02
10.478792905807495,0.27,-1.77,0.22,1.8
10.48867392539978,0.19,-1.5,0.31,1.54
10.49875783920288,0.29,-1.2,0.48,1.32
10.508609771728516,0.57,-0.76,0.69,1.17
10.518618106842041,0.86,-0.14,1.06,1.37
10.528917789459229,1.1,0.58,1.58,2.01
10.538986921310425,1.29,1.3,1.99,2.7
10.553424835205078,1.39,2.02,2.08,3.21
10.558669090270996,1.42,2.66,1.85,3.53
10.568778038024902,1.37,3.15,1.58,3.78
10.578788757324219,1.19,3.2,1.46,3.71
10.5886709690094,1.06,2.83,1.49,3.36
10.605000972747803,0.99,2.26,1.47,2.87
10.60875391960144,0.9,1.62,1.42,2.33
10.618624925613403,0.6,1.25,1.31,1.9
10.6285400390625,0.09,1.38,1.31,1.9
10.639055967330933,-0.55,1.83,1.55,2.46
10.656393051147461,-1.35,2.59,1.55,3.3
10.658755779266357,-1.84,3.72,1.71,4.48
10.66867208480835,-1.57,4.73,1.69,5.26
10.678642988204956,-0.98,5.28,0.94,5.45
10.688570022583008,-0.36,5.33,-0.55,5.37
10.704576969146729,0.07,4.53,-2.6,5.22
10.708491802215576,0.07,3.32,-3.86,5.09
10.718530893325806,-0.19,1.9,-3.61,4.08
10.728506088256836,-0.53,0.3,-2.19,2.27
10.738556861877441,-1.0,-1.06,-0.48,1.53
10.754141807556152,-1.31,-1.97,0.56,2.43
10.758424758911133,-1.38,-2.03,0.39,2.48
10.768356800079346,-1.05,-1.34,-0.47,1.76
10.778493881225586,-0.62,-0.66,-1.32,1.6
10.788557052612305,-0.41,-0.15,-1.81,1.86
10.804322957992554,-0.38,0.28,-1.91,1.96
10.808428764343262,-0.31,0.58,-1.81,1.92
10.818431854248047,-0.18,0.48,-1.62,1.69
10.828481912612915,-0.04,0.04,-1.38,1.38
10.838422775268555,0.12,-0.6,-0.99,1.16
10.854029893875122,0.25,-1.34,-0.57,1.47
10.858317852020264,0.3,-2.07,-0.26,2.1
10.868369102478027,0.32,-2.65,-0.22,2.67
10.878489971160889,0.31,-3.07,-0.38,3.1
10.888394832611084,0.32,-3.3,-0.54,3.35
10.904077053070068,0.3,-3.47,-0.78,3.56
10.90832805633545,0.33,-3.57,-0.95,3.7
10.918274879455566,0.32,-3.56,-0.95,3.69
10.928438901901245,0.25,-3.48,-0.78,3.57
10.93831205368042,0.18,-3.4,-0.55,3.44
10.954873085021973,0.11,-3.22,-0.43,3.25
10.958244800567627,0.06,-3.02,-0.4,3.04
10.968309879302979,-0.09,-2.87,-0.38,2.89
10.978405952453613,-0.23,-2.69,-0.29,2.71
10.988295078277588,-0.38,-2.43,-0.05,2.46
11.005303859710693,-0.55,-2.19,0.19,2.26
11.008426904678345,-0.82,-1.98,0.2,2.15
11.018265962600708,-0.99,-1.68,0.18,1.95
11.028288841247559,-0.92,-1.28,0.37,1.61
11.0382719039917,-0.79,-0.88,0.72,1.38
11.055904865264893,-0.95,-0.46,0.97,1.43
11.058484077453613,-1.21,0.21,1.17,1.69
11.068260908126831,-1.33,0.9,1.33,2.08
11.078386783599854,-1.44,1.53,1.46,2.55
11.088372945785522,-1.56,2.19,1.67,3.16
11.10595178604126,-1.52,2.79,1.9,3.7
11.108664989471436,-1.35,3.23,1.97,4.01
11.118322849273682,-1.3,3.49,1.98,4.21
11.128107070922852,-1.3,3.64,1.91,4.31
11.138222932815552,-1.21,3.51,1.62,4.05
11.155395030975342,-1.22,3.1,1.2,3.54
11.158715963363647,-1.17,2.66,0.88,3.03
11.168091773986816,-0.94,2.5,1.04,2.86
11.178228855133057,-0.71,2.51,1.7,3.11
11.188110828399658,-0.29,2.61,1.89,3.23
11.20546007156372,0.45,3.13,1.44,3.47
11.20790696144104,0.99,3.87,0.93,4.1
11.21802282333374,1.17,4.24,0.22,4.4
11.228218078613281,1.32,4.06,-0.81,4.34
11.238226890563965,1.36,3.27,-1.87,4.0
11.255847930908203,1.19,2.17,-2.42,3.46
11.257986068725586,1.0,1.03,-2.37,2.77
11.268063068389893,0.91,0.13,-1.76,1.98
11.278144836425781,0.94,-0.69,-0.91,1.47
11.288043022155762,1.14,-1.28,-0.42,1.76
11.305381774902344,1.21,-1.25,-0.65,1.85
11.307852983474731,1.1,-0.69,-1.26,1.8
11.31784200668335,0.83,-0.1,-1.64,1.84
11.327929973602295,0.45,0.42,-1.56,1.67
11.337986946105957,0.15,0.75,-1.22,1.43
11.355828762054443,0.07,0.78,-1.08,1.33
11.357850074768066,-0.02,0.63,-1.14,1.3
11.367846012115479,-0.02,0.29,-1.25,1.28
11.377939939498901,-0.12,-0.24,-1.21,1.23
11.387898921966553,-0.31,-0.92,-1.02,1.4
11.406217098236084,-0.45,-1.62,-0.75,1.84
11.4078209400177,-0.5,-2.31,-0.48,2.41
11.417877912521362,-0.49,-2.99,-0.34,3.04
11.427871942520142,-0.44,-3.42,-0.34,3.46
11.437903881072998,-0.33,-3.61,-0.45,3.65
11.455896854400635,-0.25,-3.62,-0.71,3.69
11.457761764526367,-0.22,-3.54,-0.9,3.65
11.467844009399414,-0.2,-3.4,-0.98,3.54
11.477829933166504,-0.2,-3.21,-0.92,3.34
11.487837791442871,-0.15,-3.09,-0.6,3.15
11.506457805633545,-0.06,-2.98,-0.28,2.99
11.507723808288574,0.05,-2.77,-0.08,2.77
11.517697811126709,0.22,-2.48,0.06,2.49
11.5278000831604,0.31,-2.25,0.2,2.28
11.537720918655396,0.42,-2.11,0.19,2.15
11.55688190460205,0.51,-1.93,0.01,1.99
11.557576894760132,0.55,-1.61,-0.06,1.7
11.567665100097656,0.62,-1.23,0.14,1.38
11.57773208618164,0.7,-0.8,0.46,1.15
11.587662935256958,0.77,-0.33,0.95,1.26
11.606866836547852,0.74,0.21,1.25,1.46
11.607487916946411,0.66,0.91,1.31,1.72
11.61762285232544,0.95,1.69,1.31,2.33
11.627674102783203,1.37,2.43,1.42,3.13
11.637670040130615,1.36,2.95,1.52,3.58
11.656518936157227,1.25,3.35,1.68,3.95
11.657445907592773,1.16,3.44,1.78,4.04
11.66755199432373,1.06,3.09,1.61,3.64
11.67762804031372,1.01,2.61,1.51,3.17
11.6875319480896,1.01,2.11,1.27,2.66
11.706723928451538,0.87,1.89,0.99,2.3
11.70741891860962,0.39,2.01,1.14,2.34
11.717517852783203,-0.3,2.7,1.59,3.14
11.727438926696777,-0.9,3.58,2.36,4.38
11.737494945526123,-0.86,4.2,2.65,5.04
11.757124900817871,-0.46,4.76,1.79,5.1
11.757633924484253,-0.18,5.01,0.12,5.01
11.767446041107178,0.1,4.41,-1.85,4.78
11.777481079101562,0.02,3.34,-2.94,4.44
11.787461757659912,-0.38,2.07,-2.69,3.41
11.806859970092773,-0.9,0.7,-1.89,2.2
11.80736780166626,-1.36,-0.43,-0.86,1.66
11.81740689277649,-1.61,-1.23,0.0,2.02
11.827195882797241,-1.61,-1.58,0.03,2.25
11.837426900863647,-1.34,-1.35,-0.62,2.0
11.857566833496094,-0.85,-0.83,-1.5,1.91
11.85807991027832,-0.45,-0.36,-2.14,2.21
11.86712098121643,-0.23,-0.06,-2.19,2.2
11.87719988822937,-0.07,0.0,-1.93,1.93
11.887533903121948,0.04,-0.23,-1.54,1.55
11.907372951507568,0.08,-0.58,-1.18,1.31
11.907878875732422,0.03,-0.96,-0.83,1.26
11.917439937591553,0.03,-1.46,-0.47,1.53
11.927291870117188,0.18,-2.12,-0.25,2.14
11.937521934509277,0.25,-2.74,-0.2,2.75
11.958451986312866,0.22,-3.21,-0.36,3.23
11.958970069885254,0.17,-3.58,-0.64,3.64
11.967395782470703,0.19,-3.76,-0.96,3.88
11.977256774902344,0.19,-3.8,-1.2,3.98
11.987340927124023,0.25,-3.74,-1.26,3.95
12.006848812103271,0.46,-3.52,-1.12,3.72
12.00728178024292,0.57,-3.22,-0.82,3.37
12.017128944396973,0.49,-3.0,-0.44,3.07
12.027394771575928,0.26,-2.83,-0.1,2.84
12.03721809387207,-0.14,-2.63,-0.05,2.63
12.057950019836426,-0.52,-2.38,-0.19,2.44
12.058461904525757,-0.64,-2.11,-0.24,2.21
12.067101955413818,-0.63,-1.82,-0.07,1.92
12.077366828918457,-0.74,-1.6,0.09,1.76
12.08724594116211,-0.99,-1.41,0.12,1.72
12.10810399055481,-1.24,-1.1,0.24,1.67
12.108614921569824,-1.29,-0.75,0.59,1.6
12.117129802703857,-1.24,-0.3,0.87,1.54
12.127555847167969,-1.18,0.32,1.13,1.66
12.137313842773438,-1.11,1.06,1.37,2.05
12.158331871032715,-1.09,1.76,1.61,2.62
12.158848762512207,-1.13,2.33,1.94,3.23
12.167006015777588,-1.1,2.75,2.09,3.62
12.177560806274414,-1.24,3.02,1.81,3.73
12.187142848968506,-1.44,3.15,1.53,3.78
12.208194971084595,-1.3,2.99,1.47,3.57
12.208693027496338,-1.23,2.55,1.56,3.23
12.217053890228271,-1.28,2.04,1.54,2.85
12.226857900619507,-1.06,1.89,1.6,2.69
12.236969947814941,-0.81,2.19,1.96,3.04
12.2582368850708,-0.4,2.67,2.05,3.38
12.258687019348145,0.4,3.52,1.62,3.89
12.266979932785034,0.89,4.58,1.04,4.78
12.276886940002441,1.06,5.14,0.29,5.25
12.28695797920227,1.13,5.0,-0.94,5.21
12.308549880981445,1.09,4.24,-2.23,4.91
12.309077978134155,0.87,3.03,-2.96,4.32
12.316948890686035,0.78,1.86,-2.74,3.4
12.326807022094727,0.89,0.73,-1.72,2.06
12.336850881576538,1.01,-0.37,-0.62,1.24
12.358635902404785,1.18,-1.01,-0.22,1.56
12.359148979187012,1.24,-0.78,-0.62,1.59
12.366838932037354,0.92,-0.27,-1.31,1.62
12.376691818237305,0.44,0.1,-1.6,1.66
12.38690710067749,0.08,0.42,-1.3,1.36
12.408787965774536,0.0,0.48,-1.07,1.17
12.409287929534912,0.08,0.39,-1.17,1.23
12.416764974594116,0.14,0.17,-1.37,1.38
12.4267098903656,0.15,-0.3,-1.51,1.54
12.436808109283447,-0.03,-0.98,-1.38,1.69
12.458950996398926,-0.17,-1.71,-1.06,2.01
12.45945692062378,-0.24,-2.54,-0.78,2.66
12.46674108505249,-0.4,-3.23,-0.63,3.31
12.476603984832764,-0.49,-3.71,-0.64,3.79
12.486681938171387,-0.57,-4.02,-0.78,4.13
12.509315013885498,-0.57,-4.18,-0.89,4.31
12.509819030761719,-0.45,-4.17,-0.94,4.29
12.516594886779785,-0.34,-4.02,-0.92,4.13
12.526623964309692,-0.2,-3.73,-0.76,3.81
12.536618947982788,-0.04,-3.37,-0.52,3.41
12.559367895126343,0.1,-3.01,-0.37,3.03
12.559905052185059,0.26,-2.65,-0.38,2.68
12.566663980484009,0.35,-2.27,-0.47,2.34
12.57656478881836,0.38,-1.94,-0.42,2.02
12.586618900299072,0.46,-1.72,-0.19,1.79
12.609416007995605,0.57,-1.58,-0.02,1.67
12.609937906265259,0.66,-1.47,0.06,1.61
12.61663007736206,0.68,-1.25,0.24,1.44
12.626529932022095,0.71,-0.9,0.67,1.32
12.636622905731201,0.82,-0.54,1.31,1.63
12.659543991088867,0.92,-0.12,1.71,1.94
12.660053968429565,1.1,0.52,1.77,2.14
12.666462898254395,1.19,1.33,1.7,2.46
12.676434993743896,1.2,2.1,1.65,2.92
12.68642807006836,1.26,2.63,1.61,3.33
12.709549903869629,1.21,2.88,1.6,3.5
12.710057973861694,1.05,2.92,1.69,3.53
12.716495990753174,1.0,2.81,1.86,3.51
12.726390838623047,1.02,2.57,1.91,3.36
12.736412048339844,1.02,2.23,1.77,3.02
12.759974002838135,0.9,1.86,1.22,2.39
12.760477066040039,0.35,1.78,0.56,1.89
12.76638388633728,-0.33,2.07,0.46,2.14
12.776356935501099,-0.95,2.62,0.68,2.86
12.78633189201355,-1.57,3.53,1.22,4.05
12.809699058532715,-1.79,4.5,1.75,5.14
12.810198783874512,-1.4,5.11,1.27,5.44
12.81636095046997,-0.84,5.06,-0.53,5.15
12.82624101638794,-0.44,4.24,-2.85,5.12
12.836301803588867,-0.23,3.12,-4.04,5.1
12.860521793365479,-0.19,1.92,-3.7,4.17
12.861008882522583,-0.41,0.48,-2.18,2.26
12.8662691116333,-0.82,-0.92,-0.36,1.28
12.87625789642334,-1.07,-1.79,0.72,2.2
12.88633394241333,-1.05,-1.7,0.41,2.03
12.910368919372559,-0.76,-0.98,-0.74,1.44
12.910891056060791,-0.35,-0.44,-1.59,1.68
12.916255950927734,-0.17,-0.2,-1.88,1.89
12.926130771636963,-0.09,-0.03,-1.86,1.86
12.936194896697998,-0.02,0.15,-1.59,1.59
12.960270881652832,0.08,0.0,-1.13,1.13
12.960662841796875,0.08,-0.42,-0.6,0.73
12.96622896194458,-0.02,-0.94,-0.2,0.96
12.976133823394775,-0.05,-1.53,0.0,1.53
12.986223936080933,-0.01,-2.17,-0.02,2.17
13.010451793670654,0.08,-2.73,-0.1,2.73
13.010954856872559,0.17,-3.14,-0.35,3.16
13.016170978546143,0.3,-3.31,-0.63,3.38
13.02599287033081,0.42,-3.37,-0.84,3.49
13.036107063293457,0.5,-3.42,-0.96,3.58
13.061022758483887,0.47,-3.45,-1.0,3.62
13.061490058898926,0.38,-3.45,-0.84,3.57
13.066066980361938,0.23,-3.51,-0.56,3.56
13.075975894927979,0.05,-3.5,-0.35,3.51
13.086014986038208,-0.16,-3.37,-0.24,3.38
13.111318111419678,-0.32,-3.18,-0.18,3.2
13.111830949783325,-0.48,-2.9,-0.15,2.94
13.116013050079346,-0.68,-2.53,-0.01,2.61
13.125945091247559,-0.93,-2.13,0.15,2.32
13.135944843292236,-1.16,-1.72,0.19,2.08
13.160993099212646,-1.38,-1.21,0.19,1.84
13.161529064178467,-1.61,-0.63,0.29,1.75
13.165916919708252,-1.75,-0.01,0.53,1.82
13.175906896591187,-1.66,0.65,0.88,1.98
13.1858069896698,-1.49,1.28,1.33,2.37
13.210697889328003,-1.35,1.82,1.7,2.83
13.211246013641357,-1.27,2.29,1.88,3.22
13.21585988998413,-1.29,2.78,1.84,3.57
13.22583293914795,-1.31,3.06,1.61,3.69
13.2358717918396,-1.18,3.02,1.36,3.51
13.245868921279907,-1.29,2.85,1.17,3.33
13.261348962783813,-1.31,2.46,1.02,2.96
13.265801906585693,-1.15,1.83,0.85,2.32
13.275752067565918,-0.84,1.56,0.71,1.9
13.28584909439087,-0.66,2.1,0.74,2.32
13.29585599899292,-0.14,2.76,0.96,2.92
13.311460971832275,0.35,3.68,1.09,3.85
13.315830945968628,0.72,4.75,1.27,4.96
13.32565689086914,0.89,5.44,0.93,5.59
13.33588695526123,1.14,5.63,-0.11,5.74
13.345961093902588,1.47,5.09,-1.64,5.54
13.361339092254639,1.45,3.84,-3.09,5.13
13.365794897079468,1.12,2.43,-3.58,4.46
13.375642776489258,0.79,1.07,-2.8,3.09
13.385724067687988,0.64,-0.24,-1.44,1.59
13.395833015441895,0.78,-1.23,-0.37,1.5
13.410731792449951,1.21,-1.58,0.02,1.99
13.415685892105103,1.57,-1.47,-0.39,2.18
13.425631999969482,1.51,-1.06,-1.15,2.17
13.435774803161621,1.18,-0.5,-1.5,1.97
13.445691108703613,0.9,0.06,-1.42,1.68
13.460937976837158,0.72,0.56,-1.33,1.61
13.465533971786499,0.61,0.91,-1.3,1.7
13.47541093826294,0.43,0.87,-1.29,1.61
13.485489845275879,0.14,0.38,-1.23,1.29
13.49553894996643,-0.19,-0.42,-1.0,1.1
13.511301040649414,-0.47,-1.32,-0.67,1.55
13.515477895736694,-0.67,-2.23,-0.4,2.36
13.525413036346436,-0.73,-3.01,-0.25,3.1
13.535444974899292,-0.74,-3.49,-0.28,3.57
13.545470952987671,-0.75,-3.73,-0.38,3.82
13.561758995056152,-0.79,-3.83,-0.53,3.94
13.565440893173218,-0.74,-3.76,-0.68,3.89
13.575317859649658,-0.64,-3.56,-0.78,3.7
13.585362911224365,-0.5,-3.38,-0.79,3.5
13.595530986785889,-0.42,-3.12,-0.65,3.21
13.611716985702515,-0.28,-2.89,-0.46,2.93
13.615396976470947,-0.15,-2.8,-0.33,2.82
13.625379085540771,-0.02,-2.72,-0.22,2.72
13.635375022888184,0.08,-2.58,-0.18,2.58
13.645400047302246,0.17,-2.32,-0.08,2.32
13.661650896072388,0.19,-2.08,0.17,2.09
13.665256977081299,0.2,-1.89,0.36,1.93
13.675220966339111,0.33,-1.61,0.38,1.68
13.685239791870117,0.5,-1.2,0.4,1.36
13.69528579711914,0.55,-0.76,0.54,1.08
13.712207794189453,0.65,-0.21,0.85,1.09
13.715280055999756,0.81,0.42,1.24,1.53
13.725262880325317,0.92,0.99,1.51,2.02
13.735183954238892,0.99,1.63,1.62,2.5
13.745308876037598,1.08,2.29,1.69,3.04
13.762075901031494,1.17,2.76,1.74,3.46
13.765223979949951,1.27,3.01,1.8,3.73
13.775142908096313,1.33,2.99,1.94,3.8
13.785197973251343,1.25,2.8,1.87,3.59
13.795208930969238,1.06,2.55,1.54,3.16
13.81177806854248,0.74,2.44,1.12,2.78
13.815138816833496,0.29,2.49,1.05,2.71
13.825208902359009,-0.29,2.81,1.13,3.04
13.835108757019043,-0.87,3.56,1.66,4.02
13.845091819763184,-1.14,4.23,2.54,5.06
13.862164974212646,-0.93,4.81,2.49,5.49
13.865009784698486,-0.48,5.33,1.11,5.46
13.875056982040405,-0.05,5.4,-1.14,5.51
13.88504695892334,0.22,4.82,-3.29,5.83
13.895123958587646,0.12,3.43,-4.22,5.43
13.912187099456787,-0.39,1.57,-3.78,4.11
13.915005922317505,-0.8,-0.14,-2.42,2.55
13.925007820129395,-0.97,-1.64,-0.77,2.05
13.935033798217773,-1.23,-2.63,0.31,2.91
13.945069789886475,-1.55,-2.88,0.4,3.29
13.962193965911865,-1.49,-2.26,-0.35,2.72
13.964930057525635,-1.11,-1.35,-1.48,2.29
13.974991798400879,-0.74,-0.58,-2.11,2.31
13.98494291305542,-0.51,0.01,-1.98,2.04
13.994991779327393,-0.3,0.4,-1.5,1.58
14.012574911117554,-0.16,0.57,-1.08,1.23
14.01485300064087,-0.17,0.47,-0.79,0.93
14.025014877319336,-0.15,0.07,-0.59,0.61
14.034804821014404,-0.12,-0.66,-0.5,0.83
14.044979095458984,-0.11,-1.49,-0.4,1.54
14.06270980834961,-0.05,-2.28,-0.26,2.29
14.065085887908936,0.02,-2.9,-0.25,2.91
14.074901103973389,0.04,-3.37,-0.36,3.38
14.084821939468384,0.13,-3.62,-0.5,3.65
14.094935894012451,0.22,-3.64,-0.62,3.69
14.112664937973022,0.34,-3.6,-0.73,3.68
14.115141868591309,0.38,-3.56,-0.82,3.67
14.124873876571655,0.4,-3.43,-0.7,3.52
14.134737968444824,0.28,-3.21,-0.51,3.26
14.144843101501465,0.09,-3.01,-0.35,3.03
14.162982940673828,-0.1,-2.8,-0.24,2.81
14.165259838104248,-0.35,-2.52,0.06,2.54
14.174798011779785,-0.61,-2.28,0.38,2.39
14.184651851654053,-0.79,-2.13,0.49,2.32
14.194777011871338,-0.83,-1.92,0.46,2.14
14.213066101074219,-1.02,-1.54,0.39,1.88
14.214529991149902,-1.2,-1.23,0.41,1.76
14.224761962890625,-1.21,-0.9,0.57,1.61
14.234680891036987,-1.26,-0.39,0.84,1.56
14.244731903076172,-1.22,0.29,1.22,1.74
14.263014793395996,-1.15,1.02,1.61,2.22
14.264543056488037,-1.24,1.75,1.91,2.87
14.274719953536987,-1.37,2.46,2.09,3.5
14.284631967544556,-1.41,3.05,2.03,3.92
14.294666767120361,-1.43,3.5,1.73,4.15
14.313325881958008,-1.33,3.47,1.26,3.92
14.314527988433838,-1.08,2.95,0.76,3.23
14.324584007263184,-0.72,2.45,0.54,2.61
14.334552764892578,-0.38,2.09,0.64,2.21
14.344618797302246,-0.02,2.04,0.98,2.26
14.363370895385742,0.38,2.74,1.57,3.18
14.36447286605835,0.62,3.89,2.12,4.47
14.374547958374023,0.69,4.88,2.25,5.41
14.384491920471191,0.69,5.47,1.68,5.76
14.394466876983643,0.69,5.5,0.25,5.54
14.413573980331421,0.68,4.88,-1.53,5.15
14.414405822753906,0.76,3.59,-3.07,4.78
14.424491882324219,0.76,1.94,-3.46,4.03
14.43444299697876,0.66,0.44,-2.79,2.9
14.444488048553467,0.88,-0.7,-1.59,1.94
14.463608980178833,1.11,-1.57,-0.52,1.99
14.464361906051636,1.18,-2.05,0.06,2.36
14.474385976791382,1.22,-1.67,0.01,2.06
14.484274864196777,1.41,-1.01,-0.77,1.89
14.494373798370361,1.49,-0.38,-1.61,2.22
14.513638019561768,1.01,0.2,-1.93,2.18
14.51427698135376,0.6,0.53,-1.78,1.95
14.52431583404541,0.36,0.51,-1.55,1.67
14.534257888793945,0.14,0.31,-1.35,1.39
14.544294834136963,0.03,-0.06,-1.08,1.08
14.563632011413574,-0.07,-0.6,-0.86,1.05
14.564149856567383,-0.17,-1.24,-0.76,1.46
14.574284076690674,-0.31,-1.92,-0.72,2.07
14.584301948547363,-0.43,-2.58,-0.7,2.7
14.594133853912354,-0.54,-3.15,-0.77,3.28
14.61372995376587,-0.58,-3.6,-0.93,3.76
14.614228963851929,-0.56,-3.85,-1.0,4.01
14.624366760253906,-0.45,-3.94,-0.98,4.08
14.634236812591553,-0.29,-3.87,-0.88,3.97
14.644283771514893,-0.09,-3.7,-0.75,3.77
14.663979053497314,0.05,-3.47,-0.74,3.54
14.664483070373535,0.16,-3.21,-0.69,3.28
14.674232959747314,0.23,-2.89,-0.53,2.94
14.684114933013916,0.24,-2.52,-0.33,2.55
14.694096088409424,0.23,-2.14,-0.17,2.15
14.713982105255127,0.19,-1.78,-0.05,1.79
14.714380979537964,0.19,-1.46,0.14,1.47
14.724204063415527,0.34,-1.17,0.31,1.25
14.734173774719238,0.59,-0.82,0.4,1.08
14.744165897369385,0.72,-0.51,0.45,0.99
14.763295888900757,0.85,-0.17,0.56,1.03
14.76409101486206,0.84,0.28,0.85,1.22
14.774151802062988,0.84,0.8,1.23,1.69
14.783987998962402,0.81,1.35,1.6,2.24
14.794015884399414,0.78,1.96,1.86,2.81
14.813271045684814,0.82,2.6,1.95,3.35
14.813880920410156,0.9,3.04,1.92,3.7
14.824055910110474,1.07,3.21,1.77,3.81
14.833996772766113,1.22,3.17,1.55,3.73
14.844036102294922,1.29,2.9,1.21,3.39
14.863772869110107,1.41,2.39,0.77,2.87
14.864194869995117,1.33,1.76,0.38,2.23
14.87401294708252,0.84,1.49,0.01,1.71
14.88384199142456,0.31,1.76,0.2,1.79
14.893908023834229,-0.47,2.22,0.53,2.33
14.914133071899414,-1.29,3.14,0.9,3.51
14.914561986923218,-1.58,4.11,1.37,4.61
14.923969984054565,-1.43,4.66,1.06,4.98
14.933909893035889,-1.02,4.49,-0.14,4.6
14.943922996520996,-0.61,3.65,-1.65,4.05
14.964468002319336,-0.53,2.67,-2.67,3.81
14.964900016784668,-0.66,1.69,-2.68,3.23
14.973912954330444,-0.9,0.61,-1.58,1.91
14.983787059783936,-1.11,-0.4,-0.12,1.18
14.993813037872314,-1.29,-1.19,0.85,1.95
15.014530897140503,-1.19,-1.45,0.97,2.11
15.014934062957764,-0.9,-1.12,0.47,1.51
15.023798942565918,-0.73,-0.5,-0.3,0.93
15.03371000289917,-0.51,-0.21,-0.85,1.01
15.043796062469482,-0.21,-0.18,-1.1,1.13
15.064368963241577,0.13,-0.24,-1.3,1.32
15.064781904220581,0.41,-0.5,-1.46,1.59
15.073808908462524,0.46,-0.95,-1.39,1.74
15.08364200592041,0.24,-1.55,-1.09,1.91
15.093653917312622,-0.03,-2.25,-0.7,2.35
15.114223003387451,-0.15,-3.02,-0.47,3.06
15.114721775054932,-0.13,-3.64,-0.49,3.67
15.123751878738403,0.01,-3.97,-0.69,4.02
15.13373589515686,0.2,-3.98,-0.98,4.1
15.143742084503174,0.24,-3.84,-1.16,4.01
15.163941860198975,0.26,-3.61,-1.11,3.78
15.164383888244629,0.31,-3.27,-0.9,3.4
15.173589944839478,0.29,-2.94,-0.52,2.99
15.183801889419556,0.17,-2.61,-0.19,2.62
15.19357681274414,0.13,-2.32,0.01,2.32
15.214050769805908,0.06,-2.06,0.16,2.06
15.21448278427124,-0.04,-1.88,0.34,1.91
15.223654985427856,-0.3,-1.69,0.4,1.76
15.233954906463623,-0.49,-1.52,0.44,1.65
15.24361801147461,-0.6,-1.42,0.33,1.57
15.264254093170166,-0.7,-1.23,0.13,1.42
15.26467490196228,-0.84,-0.96,0.18,1.28
15.273472785949707,-0.96,-0.74,0.24,1.23
15.283965110778809,-0.99,-0.5,0.2,1.12
15.29345178604126,-0.99,-0.13,0.33,1.05
15.314375877380371,-1.03,0.41,0.7,1.31
15.314789772033691,-0.95,1.09,1.35,1.97
15.323508977890015,-0.93,1.75,1.83,2.69
15.33336877822876,-0.89,2.34,1.95,3.17
15.348283767700195,-0.97,2.93,1.82,3.58
15.353387832641602,-1.01,3.37,1.81,3.95
15.36332392692566,-1.06,3.48,1.94,4.12
15.373389959335327,-1.06,3.28,1.86,3.91
15.383450984954834,-0.94,2.98,1.29,3.38
15.398484945297241,-0.63,2.92,0.91,3.12
15.403250932693481,-0.36,2.89,1.19,3.14
15.413272857666016,-0.06,2.85,1.58,3.25
15.423336029052734,0.42,3.26,1.64,3.67
15.433280944824219,1.02,4.08,1.33,4.41
15.448548793792725,1.31,4.46,0.51,4.67
15.453183889389038,1.06,4.12,-0.63,4.3
15.463179111480713,0.99,3.13,-2.07,3.88
15.473415851593018,1.09,1.99,-3.13,3.86
15.483191013336182,0.94,1.1,-3.13,3.44
15.49898910522461,0.84,0.29,-1.87,2.07
15.503230094909668,1.15,-0.58,-0.21,1.3
15.513253927230835,1.42,-1.08,0.59,1.87
15.523241996765137,1.44,-0.54,0.39,1.58
15.533115863800049,1.29,0.46,-0.4,1.42
15.5484938621521,1.02,1.16,-1.25,1.98
15.553065776824951,0.75,1.52,-1.5,2.26
15.563147068023682,0.61,1.43,-1.43,2.11
15.573205947875977,0.55,1.19,-1.4,1.91
15.583091974258423,0.49,0.76,-1.34,1.61
15.598803997039795,0.27,-0.05,-1.26,1.28
15.603096008300781,0.04,-0.98,-1.19,1.54
15.61312484741211,0.01,-1.91,-1.14,2.22
15.623096942901611,0.12,-2.79,-1.06,2.98
15.633071899414062,0.0,-3.48,-0.97,3.61
15.648613929748535,-0.32,-3.94,-0.84,4.04
15.653050899505615,-0.53,-4.19,-0.81,4.3
15.663105964660645,-0.55,-4.24,-1.0,4.39
15.673052787780762,-0.38,-4.03,-1.24,4.23
15.683046817779541,-0.1,-3.72,-1.39,3.97
15.698716878890991,0.11,-3.41,-1.35,3.66
15.702976942062378,0.22,-3.13,-1.09,3.32
15.712966918945312,0.29,-2.91,-0.67,3.0
15.723047971725464,0.34,-2.71,-0.36,2.75
15.732882976531982,0.34,-2.47,-0.22,2.5
15.748625755310059,0.34,-2.18,-0.17,2.21
15.752978801727295,0.38,-1.86,-0.04,1.89
15.763000011444092,0.44,-1.61,0.1,1.67
15.773001909255981,0.46,-1.46,0.17,1.54
15.783000946044922,0.5,-1.29,0.15,1.39
15.799036979675293,0.59,-1.02,0.19,1.19
15.803076982498169,0.64,-0.74,0.53,1.11
15.812967777252197,0.77,-0.35,1.17,1.44
15.823009014129639,0.88,0.17,1.7,1.92
15.832827091217041,0.97,0.86,2.0,2.38
15.848631858825684,1.07,1.69,2.22,2.98
15.852804899215698,1.25,2.54,2.42,3.72
15.862874984741211,1.33,3.13,2.37,4.14
15.872824907302856,1.42,3.31,1.92,4.08
15.88277006149292,1.43,3.1,1.18,3.61
15.899055004119873,1.19,2.73,0.59,3.03
15.902743816375732,0.89,2.42,0.28,2.59
15.912851810455322,0.71,2.23,0.39,2.37
15.922849893569946,0.26,2.37,0.79,2.51
15.932733058929443,-0.37,3.19,1.44,3.51
15.948826789855957,-1.13,4.23,2.16,4.88
15.95270586013794,-1.42,4.88,2.27,5.56
15.962735891342163,-1.14,5.1,1.59,5.46
15.972789764404297,-0.7,4.68,-0.17,4.73
15.982682943344116,-0.35,3.9,-2.47,4.62
15.99852705001831,-0.35,3.05,-3.98,5.02
16.002655029296875,-0.56,1.87,-4.35,4.76
16.012681007385254,-0.91,0.43,-3.57,3.7
16.02271604537964,-1.35,-1.12,-1.88,2.57
16.032718896865845,-1.58,-2.27,-0.02,2.76
16.049129962921143,-1.35,-2.5,1.2,3.08
16.05258297920227,-1.01,-1.67,1.21,2.29
16.062588930130005,-0.39,-0.72,0.18,0.83
16.07259488105774,-0.08,0.05,-0.94,0.94
16.08252191543579,-0.11,0.67,-1.6,1.73
16.099073886871338,-0.19,1.0,-1.75,2.02
16.102523803710938,-0.29,0.93,-1.49,1.78
16.112664937973022,-0.33,0.29,-1.09,1.17
16.122622966766357,-0.25,-0.64,-0.7,0.98
16.13248586654663,-0.24,-1.43,-0.37,1.49
16.149396896362305,-0.25,-2.15,-0.19,2.17
16.152635097503662,-0.18,-2.79,-0.17,2.8
16.162515878677368,-0.14,-3.32,-0.24,3.33
16.17251205444336,-0.1,-3.75,-0.53,3.78
16.182480812072754,0.07,-3.92,-0.84,4.0
16.19956088066101,0.22,-3.92,-1.14,4.08
16.202547073364258,0.49,-3.85,-1.31,4.09
16.212440967559814,0.6,-3.63,-1.16,3.85
16.222424030303955,0.33,-3.47,-0.78,3.57
16.232382774353027,0.05,-3.25,-0.27,3.26
16.24965476989746,-0.31,-2.97,-0.02,2.98
16.252809047698975,-0.61,-2.66,0.08,2.73
16.26249408721924,-0.63,-2.28,0.15,2.37
16.272510051727295,-0.69,-1.86,0.18,1.99
16.282289028167725,-0.84,-1.52,0.27,1.75
16.299874782562256,-0.93,-1.27,0.28,1.59
16.302947998046875,-0.93,-0.94,0.24,1.34
16.31245708465576,-0.96,-0.59,0.36,1.18
16.322279930114746,-1.06,-0.3,0.54,1.22
16.332440853118896,-1.21,0.03,0.76,1.42
16.35028600692749,-1.48,0.42,1.02,1.84
16.352131843566895,-1.67,0.9,1.34,2.32
16.362287998199463,-1.72,1.46,1.69,2.81
16.37228298187256,-1.62,2.03,1.84,3.18
16.382229804992676,-1.34,2.56,1.86,3.43
16.400312900543213,-1.03,2.96,1.76,3.59
16.402057886123657,-0.85,3.17,1.55,3.62
16.412321090698242,-0.92,3.17,1.4,3.58
16.422197818756104,-1.1,2.98,1.29,3.42
16.432191848754883,-1.18,2.76,1.06,3.18
16.451124906539917,-0.98,2.88,1.02,3.2
16.45212197303772,-0.62,3.11,1.3,3.42
16.462196826934814,-0.21,3.29,1.21,3.51
16.472163915634155,0.45,3.85,1.03,4.01
16.48213791847229,1.04,4.49,0.97,4.7
16.501019954681396,1.25,4.41,0.19,4.58
16.502075910568237,1.3,4.08,-1.0,4.39
16.51216983795166,1.35,3.52,-2.24,4.38
16.522064924240112,1.15,2.64,-2.99,4.15
16.532063007354736,0.76,1.65,-2.84,3.37
16.550343990325928,0.54,0.58,-1.93,2.08
16.552077770233154,0.67,-0.53,-0.87,1.21
16.562108039855957,1.03,-1.29,-0.21,1.66
16.57206392288208,1.32,-1.23,-0.19,1.81
16.58199977874756,1.21,-0.66,-0.68,1.53
16.60052490234375,0.83,-0.11,-1.22,1.47
16.601850986480713,0.48,0.46,-1.38,1.53
16.612091064453125,0.3,0.88,-1.37,1.65
16.621962070465088,0.23,1.1,-1.42,1.81
16.631961822509766,0.04,1.0,-1.41,1.72
16.65098810195923,-0.21,0.42,-1.19,1.27
16.651843070983887,-0.37,-0.38,-0.92,1.06
16.662027835845947,-0.46,-1.23,-0.71,1.49
16.67192506790161,-0.61,-2.11,-0.62,2.28
16.681947946548462,-0.76,-2.88,-0.6,3.03
16.701047897338867,-0.81,-3.5,-0.73,3.66
16.701759815216064,-0.74,-3.96,-1.02,4.15
16.711989879608154,-0.65,-4.18,-1.3,4.42
16.721884965896606,-0.52,-4.14,-1.43,4.41
16.731926918029785,-0.39,-3.93,-1.37,4.18
16.751193046569824,-0.29,-3.69,-1.22,3.89
16.75180697441101,-0.22,-3.46,-1.07,3.62
16.761868000030518,-0.19,-3.25,-0.93,3.38
16.77183485031128,-0.02,-2.97,-0.71,3.05
16.78181290626526,0.44,-2.66,-0.39,2.72
16.802069902420044,0.75,-2.35,-0.06,2.46
16.802496910095215,0.61,-2.02,0.25,2.12
16.811893939971924,0.4,-1.67,0.57,1.8
16.821813106536865,0.34,-1.3,0.61,1.47
16.831820964813232,0.36,-0.97,0.5,1.14
16.85148286819458,0.45,-0.67,0.49,0.94
16.85191798210144,0.72,-0.38,0.62,1.02
16.861755847930908,0.96,-0.07,0.9,1.31
16.87181282043457,0.98,0.24,1.25,1.6
16.8817138671875,0.92,0.64,1.58,1.93
16.90121603012085,0.86,1.21,1.72,2.27
16.901639938354492,0.65,1.94,1.62,2.6
16.91175079345703,0.43,2.67,1.55,3.11
16.921672821044922,0.35,3.12,1.51,3.48
16.931710958480835,0.38,3.23,1.54,3.59
16.951746940612793,0.67,3.01,1.75,3.54
16.952164888381958,1.07,2.55,1.8,3.29
16.961770057678223,1.43,1.98,1.47,2.85
16.97164297103882,1.49,1.49,1.03,2.34
16.98156499862671,0.98,1.62,0.57,1.97
17.001564025878906,0.29,2.12,0.47,2.19
17.001976013183594,-0.48,2.65,0.74,2.79
17.011656761169434,-1.22,3.39,1.28,3.82
17.021411895751953,-1.37,4.05,1.72,4.6
17.031596899032593,-0.99,4.33,1.41,4.66
17.05168104171753,-0.68,3.95,0.21,4.01
17.05209493637085,-0.48,2.99,-1.36,3.31
17.06141495704651,-0.44,2.21,-2.49,3.35
17.071449756622314,-0.6,1.47,-2.88,3.28
17.08155393600464,-0.85,0.4,-2.45,2.62
17.101950883865356,-1.26,-0.66,-1.49,2.05
17.10235595703125,-1.43,-1.54,-0.53,2.16
17.111645936965942,-1.19,-2.08,-0.15,2.4
17.121387004852295,-0.78,-1.54,-0.5,1.79
17.13148784637451,-0.6,-0.61,-1.27,1.53
17.15184783935547,-0.25,-0.03,-1.87,1.88
17.15226697921753,-0.15,0.39,-2.07,2.11
17.161377906799316,-0.11,0.56,-2.0,2.07
17.171494007110596,-0.01,0.4,-1.65,1.69
17.181478023529053,0.01,-0.1,-1.14,1.14
17.2015118598938,-0.01,-0.73,-0.58,0.93
17.201924800872803,-0.1,-1.29,-0.12,1.29
17.21129608154297,-0.15,-1.89,0.25,1.91
17.221715927124023,-0.21,-2.6,0.35,2.63
17.23140287399292,-0.14,-3.1,0.14,3.1
17.25227189064026,0.01,-3.25,-0.27,3.26
17.252660989761353,0.21,-3.25,-0.72,3.33
17.261351108551025,0.37,-3.13,-1.06,3.32
17.27169179916382,0.47,-2.96,-1.25,3.24
17.281410932540894,0.55,-2.86,-1.18,3.14
17.3021559715271,0.45,-2.83,-0.99,3.03
17.302565097808838,0.33,-2.75,-0.73,2.86
17.311294078826904,0.06,-2.61,-0.4,2.64
17.321860790252686,-0.26,-2.53,-0.08,2.54
17.331297874450684,-0.46,-2.46,0.31,2.52
17.352313995361328,-0.57,-2.35,0.53,2.47
17.35274076461792,-0.61,-2.11,0.48,2.24
17.361427783966064,-0.59,-1.84,0.29,1.95
17.37113380432129,-0.41,-1.51,-0.03,1.56
17.381374835968018,-0.32,-1.25,-0.08,1.29
17.402406930923462,-0.72,-1.0,0.15,1.24
17.402822971343994,-1.26,-0.81,0.55,1.59
17.411176919937134,-1.59,-0.44,0.94,1.89
17.421236038208008,-1.59,0.27,1.32,2.08
17.431237936019897,-1.38,1.19,1.65,2.45
17.45258092880249,-1.15,2.2,1.82,3.07
17.4530029296875,-1.01,3.08,1.81,3.71
17.461122035980225,-1.06,3.65,1.67,4.15
17.471133947372437,-1.19,3.77,1.46,4.21
17.481117963790894,-1.31,3.56,1.19,3.97
17.503118991851807,-1.28,3.08,0.88,3.44
17.503539085388184,-1.2,2.62,0.7,2.96
17.511127948760986,-1.06,2.27,0.88,2.65
17.520896911621094,-0.62,2.27,1.46,2.76
17.531009912490845,0.13,2.74,1.9,3.33
17.55304789543152,0.89,3.62,1.78,4.13
17.553464889526367,1.11,4.32,0.99,4.56
17.560962915420532,1.04,4.63,-0.25,4.75
17.570950984954834,1.0,4.28,-1.85,4.76
17.581002950668335,0.83,3.33,-3.32,4.77
17.602816104888916,0.71,2.2,-3.89,4.52
17.60322380065918,0.83,0.99,-3.07,3.33
17.61090087890625,0.96,-0.11,-1.34,1.65
17.620913982391357,1.2,-1.02,-0.05,1.57
17.630981922149658,1.34,-1.34,0.31,1.92
17.652589797973633,1.51,-0.96,0.05,1.79
17.653010845184326,1.54,-0.4,-0.48,1.66
17.661015033721924,1.22,0.15,-0.92,1.53
17.670817852020264,0.86,0.67,-1.06,1.52
17.680959939956665,0.72,1.14,-0.9,1.62
17.702791929244995,0.62,1.36,-0.79,1.69
17.70320177078247,0.32,1.21,-0.8,1.48
17.710805892944336,0.02,0.6,-0.92,1.09
17.72085690498352,-0.23,-0.27,-1.09,1.14
17.730907917022705,-0.42,-1.09,-1.14,1.63
17.75332498550415,-0.48,-1.91,-1.12,2.26
17.753753900527954,-0.46,-2.71,-1.04,2.93
17.760797023773193,-0.42,-3.42,-0.93,3.56
17.770687103271484,-0.3,-3.85,-0.73,3.93
17.780773878097534,-0.17,-3.99,-0.72,4.05
17.80282688140869,-0.12,-3.99,-0.86,4.08
17.803237915039062,-0.03,-3.84,-0.94,3.95
17.81065082550049,0.0,-3.59,-0.98,3.72
17.820656776428223,0.09,-3.28,-0.84,3.38
17.830756902694702,0.14,-2.99,-0.5,3.03
17.853333950042725,0.11,-2.75,-0.13,2.75
17.85377287864685,0.08,-2.46,0.07,2.46
17.860636949539185,0.16,-2.14,0.15,2.15
17.870666027069092,0.23,-1.92,0.1,1.93
17.880687952041626,0.32,-1.77,-0.01,1.79
17.903593063354492,0.53,-1.53,-0.07,1.62
17.90400981903076,0.64,-1.18,-0.1,1.34
17.910477876663208,0.65,-0.81,0.15,1.04
17.920589923858643,0.67,-0.41,0.49,0.92
17.930617809295654,0.67,0.04,0.78,1.02
17.95348596572876,0.71,0.62,1.07,1.42
17.953895092010498,0.97,1.3,1.32,2.09
17.960433959960938,1.33,1.97,1.56,2.84
17.9704909324646,1.41,2.64,1.65,3.41
17.980525016784668,1.3,3.21,1.64,3.83
18.0035879611969,1.35,3.51,1.57,4.07
18.00399684906006,1.33,3.41,1.34,3.89
18.01037287712097,1.23,2.91,1.14,3.35
18.020462036132812,1.2,2.22,1.0,2.71
18.030555963516235,1.12,1.57,0.72,2.05
18.053794860839844,0.78,1.29,0.59,1.61
18.054199934005737,0.13,1.41,1.09,1.78
18.060338973999023,-0.52,1.91,1.64,2.57
18.070390939712524,-1.08,2.82,1.97,3.6
18.080512046813965,-1.22,3.68,1.99,4.35
18.104285955429077,-0.97,4.31,1.21,4.58
18.104701042175293,-0.59,4.57,-0.25,4.61
18.110281944274902,-0.37,3.95,-2.16,4.51
18.120332956314087,-0.46,2.93,-3.44,4.54
18.130388975143433,-0.68,1.61,-3.34,3.76
18.15433979034424,-0.88,0.17,-2.19,2.36
18.154746055603027,-1.07,-1.14,-0.65,1.69
18.160234928131104,-1.19,-2.06,0.6,2.45
18.170236110687256,-1.07,-2.38,0.84,2.74
18.18037509918213,-1.04,-1.74,0.03,2.02
18.20396900177002,-0.91,-0.67,-1.21,1.65
18.2043879032135,-0.48,0.3,-2.01,2.08
18.21013307571411,-0.34,0.96,-2.18,2.4
18.22014594078064,-0.27,1.24,-1.95,2.32
18.23030710220337,-0.17,1.21,-1.58,1.99
18.254605770111084,-0.02,0.88,-1.2,1.48
18.255012035369873,0.03,0.31,-0.79,0.84
18.26014280319214,0.04,-0.44,-0.49,0.65
18.270193099975586,0.06,-1.28,-0.32,1.32
18.280251026153564,0.19,-2.15,-0.15,2.16
18.290085792541504,0.32,-2.92,-0.02,2.93
18.3048357963562,0.31,-3.5,-0.1,3.51
18.31010103225708,0.24,-3.82,-0.37,3.84
18.32016611099243,0.26,-3.91,-0.73,3.98
18.33028793334961,0.28,-3.86,-1.04,4.0
18.340075969696045,0.24,-3.69,-1.09,3.85
18.354732036590576,0.17,-3.41,-0.88,3.52
18.360161781311035,0.05,-3.14,-0.56,3.18
18.37008285522461,-0.07,-2.86,-0.22,2.86
18.38018488883972,-0.15,-2.57,0.04,2.57
18.390038013458252,-0.27,-2.26,0.17,2.28
18.404891967773438,-0.46,-1.97,0.17,2.03
18.41005802154541,-0.69,-1.66,0.1,1.8
18.420057773590088,-0.92,-1.38,0.06,1.65
18.43012809753418,-1.05,-1.12,0.13,1.54
18.439959049224854,-1.09,-0.9,0.28,1.44
18.454816818237305,-1.09,-0.74,0.38,1.37
18.459980010986328,-1.07,-0.49,0.63,1.33
18.470014095306396,-1.13,-0.12,0.85,1.41
18.48000693321228,-1.13,0.33,1.12,1.62
18.4898738861084,-1.17,0.87,1.47,2.07
18.50500798225403,-1.26,1.49,1.53,2.47
18.50982093811035,-1.25,2.18,1.41,2.88
18.519887924194336,-0.93,2.74,1.25,3.15
18.530126094818115,-0.6,3.04,1.36,3.38
18.539999961853027,-0.73,3.09,1.54,3.52
18.555677890777588,-1.1,2.82,1.55,3.4
18.559911966323853,-1.24,2.61,1.25,3.14
18.569878101348877,-1.12,2.58,1.06,3.0
18.580087900161743,-0.64,2.72,1.32,3.09
18.589865922927856,-0.1,2.99,1.62,3.4
18.606124877929688,0.36,3.4,1.62,3.78
18.609838008880615,0.55,3.93,1.25,4.16
18.619931936264038,0.62,4.42,0.68,4.51
18.629889965057373,0.58,4.51,-0.18,4.55
18.639874935150146,0.45,4.12,-1.3,4.34
18.655642986297607,0.39,3.0,-2.45,3.89
18.659852981567383,0.3,1.6,-3.08,3.48
18.66997003555298,0.42,0.43,-2.78,2.84
18.67979383468628,0.65,-0.57,-1.84,2.03
18.689775943756104,0.91,-1.31,-0.8,1.78
18.705488920211792,1.24,-1.71,-0.14,2.11
18.709660053253174,1.59,-1.58,0.01,2.24
18.719861030578613,1.63,-0.98,-0.41,1.94
18.729859828948975,1.31,-0.24,-1.18,1.77
18.739871978759766,0.87,0.45,-1.77,2.02
18.756000995635986,0.6,1.09,-1.89,2.26
18.759596824645996,0.49,1.35,-1.6,2.15
18.76977300643921,0.32,1.03,-1.22,1.62
18.779922008514404,-0.02,0.25,-0.92,0.95
18.789703845977783,-0.24,-0.56,-0.69,0.92
18.806238889694214,-0.33,-1.28,-0.56,1.43
18.80947995185852,-0.43,-2.02,-0.51,2.12
18.81968593597412,-0.54,-2.75,-0.47,2.84
18.829782962799072,-0.61,-3.26,-0.39,3.33
18.839586973190308,-0.66,-3.49,-0.38,3.57
18.85604691505432,-0.59,-3.57,-0.55,3.65
18.85950994491577,-0.49,-3.45,-0.79,3.57
18.869653940200806,-0.39,-3.3,-0.92,3.44
18.879613876342773,-0.28,-3.19,-0.89,3.32
18.889575958251953,-0.16,-3.05,-0.79,3.15
18.90605592727661,-0.02,-2.88,-0.6,2.94
18.909421920776367,0.09,-2.65,-0.35,2.67
18.919485092163086,0.15,-2.45,-0.15,2.45
18.92950677871704,0.16,-2.19,-0.1,2.19
18.939559936523438,0.18,-1.97,-0.09,1.98
18.955999851226807,0.24,-1.88,-0.02,1.89
18.959394931793213,0.38,-1.81,-0.04,1.84
18.969570875167847,0.56,-1.62,-0.23,1.72
18.979424953460693,0.71,-1.35,-0.28,1.55
18.989548921585083,0.66,-1.11,-0.06,1.29
19.006443977355957,0.7,-0.83,0.33,1.13
19.009284019470215,0.74,-0.43,0.8,1.17
19.019582986831665,0.77,0.2,1.13,1.38
19.02937078475952,0.83,1.08,1.45,1.98
19.039416790008545,0.79,2.03,1.66,2.73
19.056607961654663,0.82,2.92,1.95,3.6
19.05938482284546,0.88,3.55,2.18,4.25
19.06943988800049,1.04,3.89,1.96,4.47
19.079461097717285,1.16,3.74,1.45,4.17
19.089390993118286,1.39,3.26,1.0,3.68
19.10730290412903,1.32,2.71,0.85,3.13
19.109407901763916,0.8,2.14,0.84,2.43
19.119401931762695,0.1,1.78,1.24,2.17
19.129255771636963,-0.73,1.76,1.51,2.43
19.139317989349365,-1.33,2.41,1.75,3.26
19.15689706802368,-1.36,3.16,1.9,3.93
19.15964984893799,-0.98,3.73,1.29,4.06
19.169379949569702,-0.57,4.01,0.08,4.05
19.179195880889893,-0.17,3.55,-1.53,3.86
19.18921709060669,0.0,2.53,-2.65,3.66
19.207000970840454,-0.16,1.34,-2.63,2.95
19.2097749710083,-0.49,0.1,-1.84,1.9
19.219361782073975,-0.89,-0.81,-0.71,1.39
19.22922396659851,-1.19,-1.39,0.3,1.85
19.239186763763428,-1.24,-1.49,0.66,2.04
19.25662088394165,-1.12,-0.93,0.09,1.45
19.259044885635376,-0.84,-0.23,-0.94,1.28
19.269185066223145,-0.48,0.33,-1.74,1.83
19.27908706665039,-0.3,0.82,-2.08,2.25
19.289155960083008,-0.25,1.14,-1.79,2.13
19.307195901870728,-0.22,1.1,-1.22,1.65
19.30908203125,-0.17,0.65,-0.72,0.98
19.319209098815918,-0.11,0.09,-0.55,0.56
19.32913088798523,0.05,-0.41,-0.52,0.66
19.33913278579712,0.2,-1.05,-0.59,1.22
19.357603073120117,0.39,-1.8,-0.56,1.92
19.358869075775146,0.5,-2.56,-0.47,2.65
19.369170904159546,0.6,-3.19,-0.51,3.28
19.378936767578125,0.63,-3.62,-0.67,3.73
19.389063835144043,0.57,-3.84,-0.83,3.96
19.407506942749023,0.53,-3.88,-0.95,4.02
19.408950805664062,0.38,-3.73,-1.06,3.89
19.41915798187256,0.18,-3.49,-1.01,3.63
19.428844928741455,-0.01,-3.22,-0.74,3.3
19.439048767089844,-0.15,-2.85,-0.33,2.87
19.45767593383789,-0.24,-2.45,0.04,2.46
19.458894968032837,-0.36,-2.03,0.25,2.07
19.469031810760498,-0.47,-1.62,0.36,1.72
19.478864908218384,-0.57,-1.31,0.34,1.46
19.488944053649902,-0.61,-1.14,0.22,1.31
19.508049964904785,-0.65,-0.96,0.11,1.16
19.508697032928467,-0.75,-0.79,0.0,1.08
19.518959999084473,-0.88,-0.64,-0.06,1.08
19.528843879699707,-1.07,-0.49,0.1,1.18
19.538911819458008,-1.23,-0.33,0.48,1.36
19.55777883529663,-1.37,-0.04,0.94,1.66
19.558631896972656,-1.32,0.47,1.37,1.95
19.568739891052246,-1.11,1.1,1.55,2.2
19.578775882720947,-0.93,1.75,1.51,2.49
19.588835954666138,-0.77,2.33,1.42,2.83
19.607998847961426,-0.78,2.73,1.33,3.13
19.608576774597168,-0.91,2.87,1.29,3.27
19.618846893310547,-1.18,2.7,1.32,3.22
19.62868094444275,-1.4,2.26,1.3,2.95
19.63889980316162,-1.26,1.92,1.19,2.58
19.657762050628662,-0.86,1.94,1.21,2.44
19.658551931381226,-0.32,2.25,1.45,2.69
19.668729782104492,0.22,2.77,1.83,3.32
19.678651809692383,0.64,3.5,1.95,4.05
19.688718795776367,0.84,4.36,1.56,4.7
19.707830905914307,0.76,5.0,0.75,5.11
19.70847177505493,0.65,5.1,-0.29,5.14
19.718703985214233,0.59,4.24,-1.64,4.58
19.728590965270996,0.52,2.67,-2.87,3.95
19.738712787628174,0.36,1.31,-3.39,3.65
19.757890939712524,0.38,0.28,-2.98,3.01
19.75842809677124,0.5,-0.65,-1.84,2.01
19.768719911575317,0.7,-1.46,-0.65,1.74
19.778506755828857,0.98,-1.77,0.02,2.02
19.78863286972046,1.11,-1.35,-0.02,1.74
19.808019876480103,0.93,-0.77,-0.61,1.35
19.808445930480957,0.65,-0.23,-1.36,1.52
19.818668842315674,0.42,0.4,-1.93,2.01
19.828404903411865,0.34,0.99,-1.99,2.24
19.838568925857544,0.34,1.18,-1.49,1.93
19.85824203491211,0.27,0.94,-0.85,1.29
19.85868787765503,0.08,0.4,-0.51,0.65
19.868581771850586,-0.08,-0.3,-0.47,0.56
19.878464937210083,-0.22,-1.02,-0.65,1.22
19.888526916503906,-0.35,-1.74,-0.84,1.96
19.908823013305664,-0.48,-2.35,-0.75,2.51
19.90923500061035,-0.49,-2.85,-0.61,2.95
19.918551921844482,-0.38,-3.21,-0.58,3.28
19.92844295501709,-0.26,-3.46,-0.62,3.52
19.938464879989624,-0.12,-3.56,-0.69,3.62
19.958626985549927,0.0,-3.51,-0.68,3.57
19.959063053131104,0.02,-3.37,-0.7,3.44
19.96849799156189,0.03,-3.21,-0.69,3.28
19.978314876556396,0.07,-3.07,-0.62,3.13
19.988409996032715,0.09,-2.91,-0.43,2.94
20.008546829223633,0.17,-2.63,-0.21,2.64
20.00896191596985,0.18,-2.25,-0.11,2.25
20.018404960632324,0.14,-1.89,-0.03,1.89
20.028235912322998,0.1,-1.57,0.05,1.57
20.0383939743042,0.03,-1.34,0.1,1.34
20.059173107147217,0.06,-1.14,0.12,1.14
20.059606075286865,0.19,-0.91,0.06,0.93
20.06828498840332,0.4,-0.56,0.0,0.68
20.078284978866577,0.59,-0.14,0.09,0.61
20.088311910629272,0.71,0.23,0.36,0.82
20.10925793647766,0.82,0.6,0.71,1.23
20.109686851501465,0.85,1.1,0.98,1.7
20.118247985839844,0.89,1.65,1.19,2.22
20.128417015075684,0.97,2.22,1.37,2.78
20.13822889328003,1.04,2.67,1.48,3.22
20.159223079681396,1.05,2.89,1.5,3.42
20.15963888168335,1.07,2.85,1.44,3.36
20.168235778808594,0.99,2.62,1.34,3.1
20.178515911102295,0.91,2.15,1.32,2.68
20.188203811645508,0.79,1.63,1.3,2.22
20.209138870239258,0.42,1.21,1.24,1.78
20.20956587791443,-0.07,1.09,1.37,1.75
20.218050003051758,-0.53,1.5,1.5,2.18
20.228661060333252,-0.8,2.3,1.79,3.02
20.23813796043396,-0.85,2.85,2.02,3.59
20.258506774902344,-0.77,3.27,1.55,3.69
20.25893998146057,-0.64,3.71,0.56,3.8
20.26802682876587,-0.39,3.43,-0.83,3.55
20.27876591682434,-0.23,2.63,-2.04,3.33
20.288105010986328,-0.29,1.73,-2.42,2.98
20.308831930160522,-0.35,0.79,-2.22,2.38
20.309262990951538,-0.62,-0.17,-1.59,1.71
20.31806182861328,-1.0,-1.01,-0.64,1.55
20.328001022338867,-1.21,-1.55,0.02,1.96
20.342835903167725,-1.17,-1.47,0.1,1.88
20.347933769226074,-1.12,-0.97,-0.32,1.51
20.357955932617188,-1.0,-0.52,-1.04,1.53
20.367973804473877,-0.78,-0.02,-1.66,1.83
20.377991914749146,-0.62,0.6,-1.87,2.05
20.393578052520752,-0.56,0.96,-1.62,1.96
20.397864818572998,-0.4,0.91,-1.16,1.52
20.407891988754272,-0.14,0.47,-0.81,0.94
20.417906761169434,0.08,-0.21,-0.59,0.63
20.427981853485107,0.29,-0.9,-0.49,1.06
20.44362998008728,0.51,-1.5,-0.44,1.64
20.4479079246521,0.68,-2.03,-0.41,2.17
20.45789098739624,0.76,-2.48,-0.49,2.63
20.467955112457275,0.75,-2.81,-0.55,2.95
20.477824926376343,0.64,-3.0,-0.62,3.12
20.49376392364502,0.5,-3.12,-0.68,3.23
20.497771978378296,0.32,-3.13,-0.68,3.21
20.507742881774902,0.17,-3.04,-0.68,3.11
20.51780605316162,0.02,-2.88,-0.62,2.94
20.527777910232544,-0.11,-2.68,-0.41,2.71
20.543467044830322,-0.24,-2.44,-0.08,2.45
20.547754764556885,-0.36,-2.17,0.2,2.2
20.557769775390625,-0.49,-1.89,0.3,1.97
20.567707061767578,-0.6,-1.64,0.24,1.76
20.5776789188385,-0.7,-1.45,0.13,1.61
20.59314489364624,-0.73,-1.3,0.0,1.49
20.59762477874756,-0.73,-1.13,-0.1,1.34
20.607651948928833,-0.76,-0.91,-0.08,1.18
20.617815017700195,-0.88,-0.73,0.06,1.14
20.627645015716553,-1.0,-0.56,0.26,1.17
20.643017768859863,-1.08,-0.29,0.46,1.2
20.647441864013672,-1.17,0.07,0.78,1.4
20.657643795013428,-1.22,0.49,1.16,1.75
20.667673110961914,-1.19,0.97,1.5,2.14
20.677648067474365,-1.1,1.58,1.63,2.52
20.6929829120636,-1.0,2.13,1.66,2.87
20.697449922561646,-0.96,2.57,1.64,3.19
20.70760202407837,-0.98,2.74,1.53,3.28
20.717679977416992,-1.07,2.63,1.36,3.14
20.72750496864319,-1.04,2.36,1.09,2.79
20.743443965911865,-0.91,2.0,0.68,2.3
20.74733304977417,-0.76,1.76,0.54,1.99
20.757617950439453,-0.64,1.76,0.89,2.07
20.76749086380005,-0.37,1.97,1.5,2.5
20.777502059936523,0.01,2.31,1.7,2.86
20.793992042541504,0.38,2.88,1.51,3.27
20.797298908233643,0.52,3.6,0.97,3.76
20.80738592147827,0.66,4.26,0.25,4.31
20.81754493713379,0.7,4.43,-0.62,4.52
20.827476024627686,0.32,3.88,-1.63,4.22
20.8435697555542,-0.07,2.51,-2.35,3.43
20.84731698036194,-0.14,1.1,-2.44,2.68
20.857555866241455,0.17,0.06,-1.84,1.84
20.86747980117798,0.62,-0.84,-1.0,1.44
20.877481937408447,1.04,-1.44,-0.39,1.81
20.894042015075684,1.3,-1.51,-0.3,2.01
20.897360801696777,1.51,-1.0,-0.66,1.92
20.907375812530518,1.62,-0.3,-1.18,2.02
20.917253017425537,1.54,0.45,-1.63,2.28
20.92751407623291,1.42,1.12,-1.77,2.53
20.9439058303833,1.32,1.48,-1.6,2.54
20.94735598564148,1.08,1.51,-1.31,2.27
20.95748281478882,0.68,1.13,-1.13,1.73
20.96731996536255,0.26,0.4,-1.06,1.16
20.977306842803955,0.02,-0.32,-0.95,1.0
20.994060039520264,-0.13,-0.94,-0.85,1.27
20.99701189994812,-0.27,-1.55,-0.76,1.74
21.00732398033142,-0.32,-2.02,-0.71,2.16
21.017292976379395,-0.33,-2.34,-0.79,2.49
21.02719497680664,-0.25,-2.54,-0.86,2.69
21.044152975082397,-0.21,-2.62,-0.94,2.79
21.0471088886261,-0.33,-2.6,-0.99,2.8
21.057228088378906,-0.25,-2.55,-0.93,2.72
21.067107915878296,-0.22,-2.57,-0.83,2.7
21.077131986618042,-0.21,-2.63,-0.76,2.74
21.094579935073853,-0.13,-2.61,-0.59,2.67
21.097264766693115,-0.03,-2.58,-0.45,2.61
21.107298851013184,0.07,-2.5,-0.35,2.52
21.117044925689697,0.11,-2.38,-0.3,2.4
21.127163887023926,0.13,-2.22,-0.28,2.24
21.14470911026001,0.19,-2.02,-0.27,2.04
21.147483825683594,0.25,-1.82,-0.24,1.85
21.157240867614746,0.34,-1.57,-0.21,1.62
21.16717004776001,0.45,-1.26,-0.19,1.35
21.177034854888916,0.57,-0.94,-0.08,1.1
21.194947957992554,0.74,-0.58,0.12,0.94
21.197393894195557,0.94,-0.17,0.4,1.03
21.206970930099487,1.08,0.3,0.63,1.28
21.21710991859436,1.15,0.78,0.83,1.61
21.226974964141846,1.23,1.29,1.01,2.04
21.245255947113037,1.29,1.82,1.11,2.49
21.247636795043945,1.33,2.28,1.17,2.88
21.257088899612427,1.27,2.6,1.23,3.14
21.266896963119507,1.15,2.7,1.16,3.15
21.276941776275635,0.9,2.44,1.01,2.78
21.29511308670044,0.61,1.89,0.97,2.21
21.296846866607666,0.42,1.29,0.85,1.6
21.306962966918945,0.19,0.94,0.76,1.22
21.316922903060913,-0.11,0.81,0.87,1.19
21.326923847198486,-0.51,1.15,0.8,1.49
21.345515966415405,-0.94,2.12,1.21,2.61
21.34690284729004,-1.01,3.12,2.05,3.86
21.356961965560913,-0.81,3.86,1.68,4.28
21.366798877716064,-0.6,4.38,0.59,4.46
21.376919984817505,0.02,4.08,-0.82,4.16
21.395319938659668,0.6,3.04,-1.58,3.47
21.396667957305908,0.32,1.72,-1.39,2.23
21.406929969787598,-0.31,0.41,-1.07,1.18
21.416732788085938,-0.79,-0.74,-0.94,1.43
21.42688488960266,-1.23,-1.38,-0.73,1.98
21.44574499130249,-1.33,-1.55,-0.55,2.11
21.446794986724854,-1.17,-1.21,-0.76,1.84
21.456846952438354,-1.06,-0.54,-1.27,1.74
21.466729879379272,-0.88,0.08,-1.87,2.06
21.47671604156494,-0.66,0.62,-2.34,2.5
21.496045112609863,-0.57,1.06,-2.44,2.72
21.496484756469727,-0.58,1.23,-1.94,2.36
21.50674796104431,-0.57,0.94,-1.1,1.55
21.516644954681396,-0.4,0.41,-0.61,0.83
21.526702880859375,-0.19,-0.09,-0.54,0.57
21.54593801498413,0.07,-0.63,-0.68,0.92
21.546507835388184,0.26,-1.15,-0.88,1.47
21.556713104248047,0.36,-1.62,-1.1,1.99
21.566574096679688,0.43,-1.96,-1.28,2.38
21.576636791229248,0.5,-2.18,-1.42,2.64
21.59581995010376,0.51,-2.42,-1.4,2.84
21.596418857574463,0.4,-2.63,-1.38,2.99
21.60655403137207,0.3,-2.66,-1.43,3.03
21.616482973098755,0.35,-2.45,-1.37,2.82
21.62668800354004,0.24,-2.21,-1.03,2.45
21.6455819606781,-0.02,-2.01,-0.64,2.1
21.64643383026123,-0.25,-1.74,-0.41,1.8
21.656620025634766,-0.39,-1.34,-0.33,1.43
21.666467905044556,-0.5,-0.96,-0.25,1.11
21.6766037940979,-0.59,-0.67,-0.16,0.9
21.695953845977783,-0.62,-0.42,-0.17,0.76
21.696385860443115,-0.66,-0.24,-0.26,0.74
21.706531047821045,-0.65,-0.08,-0.33,0.73
21.716341018676758,-0.67,-0.12,-0.41,0.79
21.72651696205139,-0.73,-0.31,-0.5,0.93
21.746311902999878,-0.76,-0.42,-0.62,1.06
21.746721982955933,-0.78,-0.43,-0.62,1.08
21.756535053253174,-0.8,-0.41,-0.44,1.0
21.76624298095703,-0.78,-0.26,-0.15,0.83
21.77651882171631,-0.75,0.06,0.18,0.77
21.796393871307373,-0.69,0.52,0.35,0.93
21.7968168258667,-0.66,0.99,0.4,1.25
21.80643081665039,-0.6,1.41,0.35,1.57
21.81628394126892,-0.51,1.68,0.28,1.77
21.826377868652344,-0.54,1.73,0.28,1.83
21.846456050872803,-0.64,1.54,0.28,1.69
21.84689497947693,-0.75,1.28,0.3,1.51
21.85635995864868,-0.93,0.95,0.36,1.37
21.86627697944641,-0.92,0.58,0.33,1.13
21.8764169216156,-0.78,0.34,0.26,0.88
21.89653778076172,-0.61,0.28,0.36,0.76
21.896976947784424,-0.35,0.47,0.55,0.8
21.906256914138794,-0.01,0.86,0.6,1.04
21.91614580154419,0.36,1.41,0.25,1.47
21.926328897476196,0.52,2.0,-0.17,2.07
21.946768760681152,0.47,2.39,-0.4,2.46
21.947187900543213,0.64,2.51,-0.47,2.63
21.956307888031006,0.8,2.41,-0.65,2.62
21.966096878051758,0.67,2.13,-0.89,2.4
21.976335048675537,0.44,1.57,-1.32,2.09
21.996548891067505,0.37,1.31,-1.79,2.24
21.99696683883667,0.33,1.3,-1.48,1.99
22.006217002868652,0.57,1.21,-0.84,1.57
22.01614999771118,0.99,1.26,-0.47,1.66
22.02630090713501,1.22,1.43,-0.61,1.97
22.04688596725464,1.17,1.6,-0.99,2.21
22.047303915023804,1.09,1.64,-1.38,2.4
22.056193828582764,1.0,1.62,-1.66,2.52
22.0661199092865,0.83,1.51,-1.84,2.52
22.076356887817383,0.63,1.26,-1.66,2.17
22.097067832946777,0.39,0.86,-1.22,1.54
22.097487926483154,0.24,0.35,-1.03,1.11
22.106053829193115,0.16,-0.09,-1.14,1.15
22.116239070892334,0.06,-0.48,-1.33,1.41
22.126208782196045,0.01,-0.82,-1.53,1.73
22.14698886871338,0.02,-1.08,-1.73,2.03
22.147417068481445,-0.01,-1.3,-1.87,2.27
22.15610408782959,-0.02,-1.45,-1.85,2.35
22.166319847106934,0.0,-1.53,-1.87,2.41
22.17617392539978,-0.02,-1.46,-2.02,2.49
22.19711685180664,-0.08,-1.23,-2.12,2.45
22.197537899017334,-0.01,-0.98,-2.03,2.25
22.205907821655273,0.02,-0.79,-2.02,2.16
22.216303825378418,-0.02,-0.54,-2.02,2.09
22.225994110107422,-0.07,-0.27,-2.02,2.03
22.247549057006836,0.02,0.04,-1.96,1.96
22.247968912124634,0.15,0.29,-1.93,1.95
22.25588083267212,0.24,0.52,-1.88,1.96
22.265696048736572,0.3,0.68,-1.77,1.91
22.276020050048828,0.39,0.76,-1.67,1.87
22.29808497428894,0.44,0.77,-1.6,1.82
22.29851007461548,0.45,0.71,-1.51,1.72
22.30592679977417,0.45,0.53,-1.37,1.53
22.315817832946777,0.41,0.35,-1.4,1.5
22.325852870941162,0.41,0.24,-1.52,1.59
22.347464084625244,0.4,0.31,-1.69,1.76
22.347900867462158,0.37,0.58,-1.35,1.51
22.355809926986694,0.39,0.67,-0.64,1.0
22.365822792053223,0.43,0.65,-0.43,0.89
22.375853061676025,0.51,0.88,-0.59,1.17
22.39776587486267,0.6,1.11,-0.66,1.42
22.398181915283203,0.61,1.24,-0.65,1.52
22.405789852142334,0.52,1.35,-0.59,1.56
22.415754795074463,0.38,1.36,-0.45,1.48
22.425818920135498,0.22,1.12,-0.29,1.17
22.44734001159668,0.16,0.78,-0.34,0.86
22.44775390625,0.13,0.41,-0.67,0.79
22.455586910247803,0.13,0.1,-0.99,1.0
22.465725898742676,0.16,-0.22,-1.02,1.05
22.475747108459473,0.18,-0.59,-0.76,0.97
22.498563766479492,0.17,-0.93,-0.47,1.05
22.498990058898926,0.23,-1.12,-0.41,1.21
22.505754947662354,0.16,-1.2,-0.71,1.4
22.51561403274536,0.2,-1.17,-1.02,1.56
22.52567481994629,0.32,-1.1,-1.24,1.68
22.547629833221436,0.5,-1.04,-1.21,1.67
22.54804491996765,0.51,-0.99,-0.99,1.49
22.555453777313232,0.28,-0.88,-0.74,1.18
22.565598964691162,0.16,-0.79,-0.54,0.97
22.57559895515442,0.06,-0.75,-0.57,0.94
22.597825050354004,0.06,-0.65,-0.66,0.92
22.598258018493652,0.12,-0.42,-0.69,0.81
22.605525016784668,0.22,-0.12,-0.72,0.76
22.615493774414062,0.24,0.17,-0.77,0.82
22.625574111938477,0.22,0.47,-0.79,0.94
22.64803981781006,0.19,0.7,-0.75,1.04
22.64845895767212,0.12,0.91,-0.72,1.16
22.655483961105347,0.02,1.02,-0.69,1.23
22.66558599472046,-0.12,1.05,-0.66,1.24
22.67553997039795,-0.21,0.99,-0.61,1.18
22.69807004928589,-0.26,0.87,-0.48,1.02
22.69850778579712,-0.27,0.76,-0.36,0.88
22.70535397529602,-0.27,0.64,-0.34,0.77
22.71540594100952,-0.26,0.52,-0.37,0.68
22.725409984588623,-0.29,0.39,-0.37,0.61
22.748337984085083,-0.28,0.26,-0.36,0.52
22.748766899108887,-0.21,0.14,-0.34,0.42
22.755342960357666,-0.13,0.03,-0.36,0.38
22.76539897918701,-0.09,-0.05,-0.35,0.36
22.775420904159546,0.0,-0.07,-0.31,0.31
22.79827880859375,0.11,-0.11,-0.33,0.36
22.79873490333557,0.13,-0.15,-0.35,0.4
22.805248975753784,0.14,-0.19,-0.26,0.35
22.815351009368896,0.07,-0.21,-0.11,0.24
22.825396060943604,-0.01,-0.16,-0.07,0.17
22.848392963409424,-0.06,-0.05,-0.02,0.08
22.848835945129395,-0.08,0.06,0.09,0.13
22.855226039886475,-0.07,0.14,0.1,0.18
22.86531090736389,-0.04,0.19,-0.06,0.2
22.875332832336426,-0.03,0.24,-0.38,0.45
22.898794889450073,-0.01,0.27,-0.66,0.71
22.899210929870605,-0.06,0.3,-0.72,0.78
22.905268907546997,-0.18,0.36,-0.57,0.69
22.915174961090088,-0.24,0.29,-0.29,0.47
22.925240993499756,-0.25,0.13,-0.1,0.29
22.94859290122986,-0.22,-0.03,-0.03,0.22
22.94899082183838,-0.17,-0.13,-0.06,0.22
22.95508098602295,-0.06,-0.12,-0.22,0.25
22.965138912200928,-0.02,-0.05,-0.43,0.43
22.975193977355957,-0.03,0.04,-0.57,0.57
22.998979091644287,0.05,0.07,-0.49,0.49
22.99939203262329,0.08,0.1,-0.32,0.34
23.005058765411377,0.11,0.12,-0.18,0.24
23.015099048614502,0.13,0.13,-0.08,0.2
23.025012016296387,0.13,0.11,-0.06,0.18
23.04832410812378,0.13,0.08,-0.06,0.16
23.048739910125732,0.09,0.04,-0.09,0.13
23.05501389503479,0.06,0.04,-0.14,0.15
23.06519389152527,0.08,0.06,-0.18,0.2
23.075092792510986,0.06,0.14,-0.06,0.16
23.0986590385437,0.02,0.16,-0.03,0.16
23.099080085754395,-0.21,0.12,-0.19,0.3
23.10496187210083,-0.24,0.14,-0.24,0.36
23.11497187614441,-0.1,0.11,-0.27,0.3
23.124998092651367,0.07,0.08,-0.17,0.2
23.149399757385254,-0.02,0.03,0.01,0.03
23.149817943572998,-0.16,-0.01,0.14,0.21
23.15487790107727,-0.25,-0.02,0.24,0.34
23.1649808883667,-0.25,-0.03,0.28,0.37
23.174932956695557,-0.16,-0.05,0.19,0.25
23.199402809143066,-0.05,0.02,0.09,0.1
23.19982385635376,-0.06,0.14,-0.08,0.17
23.204816818237305,-0.02,0.24,-0.22,0.32
23.214787006378174,-0.01,0.26,-0.32,0.41
23.224935054779053,-0.04,0.32,-0.41,0.52
23.2494478225708,0.0,0.3,-0.44,0.53
23.249908924102783,0.04,0.17,-0.36,0.4
23.25473690032959,0.01,0.0,-0.27,0.27
23.26483678817749,-0.06,-0.1,-0.25,0.27
23.274779796600342,-0.08,-0.12,-0.25,0.28
23.284754991531372,-0.05,-0.13,-0.24,0.27
23.30028796195984,-0.05,-0.14,-0.17,0.22
23.30472493171692,-0.05,-0.12,-0.08,0.15
23.314769983291626,-0.04,-0.06,-0.03,0.07
23.32483196258545,-0.02,-0.01,-0.07,0.07
23.334743976593018,-0.02,0.03,-0.17,0.17
23.350266933441162,-0.02,0.09,-0.23,0.24
23.354655981063843,-0.01,0.19,-0.24,0.3
23.36470079421997,0.01,0.24,-0.21,0.31
23.374671936035156,0.03,0.17,-0.16,0.23
23.384605884552002,0.04,0.08,-0.07,0.11
23.40019178390503,0.04,0.0,0.0,0.04
23.404579877853394,0.03,-0.07,0.02,0.07
23.414536952972412,0.0,-0.07,0.01,0.07
23.424680948257446,-0.03,-0.04,0.03,0.05
23.434443950653076,-0.03,-0.04,0.02,0.05
23.450057983398438,-0.05,-0.04,0.0,0.06
23.45448899269104,-0.08,-0.03,-0.02,0.08
23.464655876159668,-0.05,0.01,-0.03,0.05
23.474634885787964,-0.08,0.01,0.01,0.08
23.48459005355835,-0.12,-0.01,0.08,0.14
23.500564098358154,-0.13,0.0,0.12,0.17
23.504453897476196,-0.08,0.01,0.12,0.14
23.51452088356018,-0.03,0.03,0.11,0.11
23.524508953094482,-0.03,0.01,0.1,0.1
23.53450298309326,-0.04,-0.04,0.12,0.13
23.55046510696411,-0.01,0.3,1.71,1.73
23.55418109893799,-0.22,0.29,1.62,1.66
23.56461477279663,-0.07,-0.36,0.05,0.37
23.574442863464355,0.3,-0.49,-2.05,2.12
23.584528923034668,0.26,0.02,-3.14,3.15
23.600441932678223,-0.11,0.0,-2.32,2.32
