time,ax (m/s^2),ay (m/s^2),az (m/s^2),aT (m/s^2)
0.005000,-0.1981,-0.0354,-0.9001,0.922
0.006000,-0.1719,-0.0473,-1.1415,1.155
0.006000,-0.1380,-0.0531,-1.1419,1.151
0.016000,-0.2425,-0.1385,-0.2087,0.349
0.017000,-0.2570,-0.1664,0.6960,0.760
0.021000,-0.3151,-0.1192,0.9664,1.023
0.027000,-0.3189,-0.0713,0.6770,0.752
0.031000,-0.2117,-0.0221,0.1635,0.268
0.036000,-0.1054,0.0149,-0.2888,0.308
0.041000,0.0047,0.0308,-0.4725,0.474
0.052000,0.0738,0.0495,-0.3806,0.391
0.052000,0.1401,0.0519,-0.1623,0.221
0.057000,0.2061,0.1044,0.0013,0.231
0.063000,0.1837,0.1302,0.1164,0.253
0.067000,0.1758,0.1151,0.0743,0.223
0.072000,0.0989,0.1714,-0.1003,0.222
0.080000,0.0131,0.1678,-0.2688,0.317
0.082000,-0.0078,0.1716,-0.3413,0.382
0.089000,-0.0739,0.1757,-0.2950,0.351
0.092000,-0.0470,0.1681,-0.2736,0.324
0.106000,-0.0321,0.1298,-0.1695,0.216
0.106000,-0.0318,0.1489,-0.0567,0.162
0.110000,-0.0009,0.1083,0.0339,0.113
0.113000,-0.0128,0.0632,0.0717,0.096
0.117000,-0.0341,0.0135,0.0219,0.043
0.123000,-0.0053,-0.0193,-0.0200,0.028
0.129000,-0.0337,-0.0566,0.0288,0.072
0.133000,-0.0096,-0.1198,0.0915,0.151
0.138000,0.0045,-0.1896,0.1396,0.235
0.142000,0.0493,-0.2043,0.2019,0.291
0.149000,0.0840,-0.2144,0.2617,0.349
0.153000,0.0687,-0.2602,0.3120,0.412
0.158000,0.0562,-0.2844,0.3149,0.428
0.163000,0.0319,-0.3039,0.2326,0.384
0.170000,-0.0182,-0.2829,0.2057,0.350
0.174000,-0.1035,-0.2693,0.1983,0.350
0.177000,-0.0954,-0.2630,0.1721,0.328
0.184000,-0.0566,-0.2163,0.1866,0.291
0.190000,-0.0184,-0.1869,0.1989,0.274
0.194000,0.0312,-0.0888,0.1519,0.179
0.199000,0.1090,-0.0557,0.0958,0.155
0.204000,0.1102,-0.0182,0.0617,0.128
0.214000,0.0828,0.0189,-0.0125,0.086
0.214000,0.0724,0.0511,-0.0814,0.120
0.219000,0.0905,0.1116,-0.0955,0.173
0.225000,0.0847,0.1575,-0.1499,0.233
0.230000,0.1005,0.1864,-0.1448,0.257
0.234000,0.1210,0.1868,-0.0974,0.243
0.239000,0.1177,0.2014,-0.1051,0.256
0.245000,0.0976,0.1875,-0.0534,0.218
0.250000,0.0847,0.1547,-0.0617,0.187
0.255000,0.0695,0.1413,-0.0510,0.166
0.259000,0.0567,0.1186,-0.0074,0.132
0.265000,0.0535,0.0581,0.0096,0.080
0.271000,0.0384,0.0433,0.0144,0.060
0.275000,0.0615,0.0168,0.0856,0.107
0.280000,0.0630,-0.0048,0.1564,0.169
0.285000,0.1074,-0.0334,0.1104,0.158
0.291000,0.1110,-0.0429,0.1291,0.176
0.303000,0.1409,-0.0857,0.1598,0.230
0.304000,0.1373,-0.1021,0.1120,0.204
0.306000,0.1767,-0.1278,0.0838,0.234
0.311000,0.2040,-0.1464,0.1343,0.285
0.315000,0.1696,-0.1482,0.2012,0.302
0.321000,0.1711,-0.1643,0.1917,0.305
0.330000,0.1630,-0.1471,0.2298,0.318
0.330000,0.1362,-0.1657,0.2276,0.313
0.336000,0.1475,-0.1820,0.2232,0.324
0.341000,0.1301,-0.1816,0.2049,0.303
0.346000,0.0797,-0.1741,0.2035,0.279
0.352000,0.0606,-0.1977,0.2143,0.298
0.356000,0.0890,-0.1617,0.1537,0.240
0.361000,0.0862,-0.1592,0.1508,0.236
0.366000,0.0976,-0.1094,0.0886,0.171
0.373000,0.1300,-0.1004,0.0745,0.180
0.376000,0.1597,-0.0986,0.0297,0.190
0.381000,0.1750,-0.0825,0.0042,0.193
0.386000,0.2115,-0.0356,0.0048,0.215
0.393000,0.2240,-0.0270,-0.0161,0.226
0.399000,0.2362,-0.0207,-0.0275,0.239
0.401000,0.2389,-0.0191,-0.0322,0.242
0.406000,0.2249,0.0015,0.0201,0.226
0.414000,0.2442,0.0220,0.0315,0.247
0.417000,0.2610,0.0187,-0.0215,0.263
0.422000,0.2183,-0.0225,0.0492,0.225
0.428000,0.1902,-0.0276,0.0478,0.198
0.432000,0.1935,-0.0184,0.0034,0.194
0.437000,0.2253,-0.0258,0.0614,0.235
0.442000,0.2662,-0.0045,0.0474,0.270
0.447000,0.2237,-0.0641,0.0688,0.243
0.453000,0.2432,-0.0566,0.0425,0.253
0.458000,0.2367,-0.0253,0.0708,0.248
0.462000,0.2301,-0.0416,0.0628,0.242
0.468000,0.1974,-0.0221,0.1095,0.227
0.474000,0.2077,0.0377,0.1199,0.243
0.478000,0.1822,0.0639,0.1085,0.221
0.482000,0.2139,0.0709,0.1207,0.256
0.489000,0.1932,0.0756,0.1493,0.256
0.495000,0.1822,0.0329,0.2155,0.284
0.498000,0.1142,0.0879,0.1456,0.205
0.503000,0.1037,0.1139,0.1738,0.232
0.508000,0.1170,0.0708,0.1779,0.224
0.516000,0.1017,0.0732,0.1893,0.227
0.517000,0.0697,0.0945,0.1841,0.218
0.522000,0.0357,0.0538,0.1719,0.184
0.528000,0.0233,0.0301,0.1457,0.151
0.533000,0.0038,-0.0291,0.1079,0.112
0.537000,0.0248,-0.0475,0.0468,0.071
0.544000,0.0360,-0.1015,0.0481,0.118
0.548000,0.0686,-0.1431,0.0495,0.166
0.553000,0.0582,-0.1940,0.0224,0.204
0.558000,0.0670,-0.2421,-0.0114,0.251
0.563000,0.0828,-0.2565,-0.0519,0.275
0.569000,0.0890,-0.2971,-0.0682,0.318
0.575000,0.0596,-0.3208,-0.0461,0.330
0.579000,0.0683,-0.3325,-0.0145,0.340
0.584000,0.0841,-0.3537,-0.0330,0.365
0.589000,0.0642,-0.3225,-0.0036,0.329
0.596000,0.0350,-0.2964,0.0139,0.299
0.598000,0.0226,-0.2825,0.0362,0.286
0.604000,0.0340,-0.2284,0.0799,0.244
0.608000,0.0217,-0.1606,0.0476,0.169
0.621000,0.0473,-0.1244,0.0513,0.143
0.623000,0.0679,-0.1004,0.0624,0.136
0.624000,0.0789,-0.0577,0.0664,0.118
0.641000,0.1135,0.0131,0.0420,0.122
0.642000,0.0910,0.0453,0.0106,0.102
0.643000,0.0996,0.0559,0.0247,0.117
0.644000,0.0963,0.0592,0.0267,0.116
0.649000,0.1049,0.0531,0.0096,0.118
0.655000,0.0754,0.0566,-0.0005,0.094
0.663000,0.0842,0.0577,0.0323,0.107
0.667000,0.0810,0.0612,0.0671,0.122
0.670000,0.0802,0.0504,0.0305,0.100
0.676000,0.0676,0.0467,0.0299,0.087
0.680000,0.0695,0.0598,-0.0016,0.092
0.685000,0.0690,0.0276,-0.0117,0.075
0.690000,0.0637,0.0100,-0.0476,0.080
0.696000,0.0514,-0.0194,-0.0906,0.106
0.700000,0.0725,-0.0366,-0.0833,0.116
0.706000,0.0911,-0.0274,-0.1191,0.152
0.721000,0.1025,-0.0564,-0.1284,0.174
0.722000,0.1449,-0.0185,-0.1307,0.196
0.723000,0.1300,-0.0261,-0.0831,0.156
0.726000,0.1082,-0.0384,-0.0857,0.143
0.740000,0.1249,-0.0245,-0.0622,0.142
0.742000,0.0774,-0.0178,-0.0199,0.082
0.743000,0.0566,-0.0326,-0.0040,0.065
0.747000,0.0194,-0.0210,0.0045,0.029
0.750000,-0.0031,-0.0025,0.0033,0.005
0.757000,0.0030,-0.0173,-0.0168,0.024
0.762000,-0.0100,-0.0367,-0.0108,0.040
0.766000,-0.0016,-0.0274,0.0355,0.045
0.771000,0.0138,-0.0324,0.1051,0.111
0.780000,0.0339,-0.0469,0.1647,0.175
0.781000,0.0400,-0.0829,0.1056,0.140
0.786000,-0.0036,-0.1355,0.0524,0.145
0.791000,-0.0304,-0.1523,-0.1376,0.207
0.798000,0.0113,-0.1474,-0.3381,0.369
0.801000,0.1350,-0.1231,-0.2412,0.303
0.806000,0.2576,-0.1246,-0.0891,0.300
0.823000,0.2891,-0.1735,0.0234,0.338
0.827000,0.1684,-0.2248,0.0125,0.281
0.828000,0.0651,-0.1882,-0.0616,0.208
0.829000,0.0079,-0.1138,-0.1066,0.156
0.836000,-0.0367,-0.1302,-0.0495,0.144
0.837000,-0.0735,-0.1701,0.0878,0.205
0.842000,-0.1337,-0.1813,0.1837,0.291
0.847000,-0.1528,-0.1784,0.3079,0.387
0.852000,-0.0980,-0.2232,0.3889,0.459
0.858000,-0.0816,-0.2704,0.3986,0.489
0.863000,-0.1005,-0.3079,0.2544,0.412
0.867000,-0.1118,-0.3356,0.1589,0.388
0.873000,-0.1773,-0.3322,0.0999,0.390
0.878000,-0.1757,-0.3407,0.0342,0.385
0.883000,-0.2263,-0.3778,0.0262,0.441
0.888000,-0.2337,-0.3433,0.0923,0.425
0.893000,-0.2244,-0.3069,0.1320,0.402
0.898000,-0.2152,-0.2711,0.1552,0.379
0.904000,-0.1919,-0.2451,0.2854,0.422
0.908000,-0.1497,-0.1577,0.3507,0.413
0.916000,-0.1125,-0.0261,0.4089,0.425
0.919000,-0.1349,0.0638,0.5336,0.554
0.925000,-0.1593,0.1765,0.6363,0.679
0.932000,-0.1573,0.2500,0.7007,0.760
0.933000,-0.1814,0.3274,0.7083,0.801
0.940000,-0.1982,0.3492,0.6785,0.788
0.946000,-0.1914,0.2923,0.5901,0.686
0.950000,-0.2155,0.2286,0.5100,0.599
0.954000,-0.2299,0.1676,0.4783,0.557
0.960000,-0.2061,0.0478,0.4398,0.488
0.964000,-0.2466,-0.0829,0.4374,0.509
0.970000,-0.2297,-0.2506,0.4706,0.581
0.975000,-0.2271,-0.4026,0.4751,0.663
0.980000,-0.2338,-0.5155,0.4183,0.704
0.985000,-0.2641,-0.5870,0.3879,0.752
0.990000,-0.3130,-0.6699,0.3768,0.830
0.994000,-0.3423,-0.7448,0.3467,0.890
1.001000,-0.3759,-0.7621,0.3809,0.931
1.005000,-0.4279,-0.7506,0.4193,0.960
1.010000,-0.4580,-0.6988,0.4501,0.949
1.016000,-0.4712,-0.6046,0.5281,0.931
1.023000,-0.4318,-0.5160,0.6007,0.902
1.024000,-0.3643,-0.4233,0.6634,0.867
1.030000,-0.3354,-0.2959,0.6782,0.812
1.034000,-0.3115,-0.1625,0.7287,0.809
1.041000,-0.2925,-0.0539,0.7288,0.787
1.046000,-0.2189,0.0942,0.7502,0.787
1.051000,-0.1721,0.1889,0.7807,0.822
1.055000,-0.0880,0.2924,0.8275,0.882
1.060000,-0.0404,0.3786,0.8736,0.953
1.066000,0.0374,0.4569,0.8526,0.968
1.071000,0.0765,0.4895,0.8058,0.946
1.076000,0.1246,0.5028,0.7995,0.953
1.080000,0.1578,0.5686,0.7926,0.988
1.086000,0.1931,0.5272,0.8018,0.979
1.091000,0.2375,0.4388,0.8556,0.990
1.097000,0.2552,0.3442,0.8444,0.947
1.101000,0.2892,0.2409,0.8356,0.916
1.107000,0.2612,0.0838,0.8363,0.880
1.111000,0.2073,-0.0932,0.7774,0.810
1.116000,0.1992,-0.2663,0.6593,0.738
1.125000,0.1889,-0.3808,0.6108,0.744
1.126000,0.1149,-0.5299,0.6290,0.830
1.131000,0.0608,-0.6991,0.6469,0.954
1.135000,-0.0189,-0.8122,0.6622,1.048
1.142000,-0.0980,-0.9078,0.6442,1.117
1.147000,-0.1171,-0.9955,0.6193,1.178
1.151000,-0.1577,-1.0611,0.5971,1.228
1.156000,-0.1413,-1.0882,0.5656,1.235
1.163000,-0.1562,-1.1316,0.4701,1.235
1.167000,-0.1783,-1.1366,0.4157,1.223
1.172000,-0.1838,-1.1082,0.3402,1.174
1.177000,-0.1896,-1.1061,0.4028,1.192
1.182000,-0.1718,-1.0493,0.4601,1.159
1.188000,-0.1852,-0.9788,0.5121,1.120
1.192000,-0.2200,-0.9397,0.5567,1.114
1.197000,-0.2189,-0.8583,0.6129,1.077
1.202000,-0.2489,-0.7277,0.6094,0.981
1.208000,-0.3192,-0.6552,0.6393,0.969
1.213000,-0.3368,-0.5857,0.6901,0.966
1.218000,-0.3472,-0.5239,0.6860,0.930
1.223000,-0.3695,-0.4840,0.7390,0.958
1.228000,-0.3777,-0.3756,0.7300,0.904
1.234000,-0.3431,-0.3205,0.7473,0.883
1.236000,-0.3492,-0.3299,0.7336,0.877
1.243000,-0.3744,-0.3345,0.7272,0.884
1.251000,-0.3401,-0.3321,0.6831,0.832
1.252000,-0.3371,-0.3272,0.6346,0.790
1.258000,-0.2914,-0.3439,0.5960,0.747
1.263000,-0.2175,-0.3580,0.5815,0.717
1.268000,-0.1726,-0.3600,0.5907,0.713
1.274000,-0.1777,-0.3644,0.5903,0.716
1.278000,-0.1613,-0.3569,0.5946,0.712
1.284000,-0.1709,-0.3494,0.6179,0.730
1.289000,-0.2161,-0.3466,0.6074,0.732
1.294000,-0.2085,-0.3461,0.6039,0.727
1.301000,-0.2342,-0.3171,0.6289,0.742
1.304000,-0.1885,-0.3311,0.6465,0.750
1.309000,-0.1622,-0.2783,0.6208,0.699
1.317000,-0.1384,-0.2877,0.5881,0.669
1.319000,-0.1623,-0.2946,0.6007,0.688
1.325000,-0.1338,-0.3038,0.5918,0.679
1.334000,-0.1531,-0.2393,0.6282,0.689
1.335000,-0.1486,-0.2513,0.5786,0.648
1.339000,-0.1252,-0.2252,0.5602,0.617
1.345000,-0.1093,-0.1660,0.5895,0.622
1.350000,-0.0888,-0.1310,0.6162,0.636
1.354000,-0.0423,-0.0679,0.6736,0.678
1.359000,-0.0555,-0.0386,0.6712,0.675
1.365000,-0.0044,-0.0215,0.6880,0.688
1.370000,-0.0153,-0.0118,0.6837,0.684
1.377000,-0.0118,0.0382,0.6962,0.697
1.379000,0.0037,0.0924,0.6730,0.679
1.385000,0.0095,0.1225,0.6715,0.683
1.390000,0.0107,0.1641,0.7460,0.764
1.395000,-0.0378,0.2411,0.8007,0.837
1.400000,-0.0786,0.2890,0.8858,0.935
1.407000,-0.1261,0.3531,0.9512,1.022
1.410000,-0.2037,0.4429,1.0753,1.181
1.416000,-0.2638,0.5271,1.1818,1.321
1.420000,-0.2691,0.6130,1.2399,1.409
1.426000,-0.2979,0.6957,1.3072,1.510
1.429000,-0.2906,0.8038,1.3220,1.574
1.435000,-0.3163,0.8563,1.3319,1.615
1.441000,-0.3391,0.8703,1.3727,1.660
1.446000,-0.3782,0.8795,1.3515,1.656
1.453000,-0.4074,0.8221,1.3018,1.593
1.456000,-0.5194,0.7439,1.2594,1.552
1.460000,-0.5262,0.7853,1.1764,1.509
1.467000,-0.3316,0.8622,1.1697,1.491
1.471000,-0.1459,0.9600,1.2458,1.580
1.476000,-0.2320,0.9931,1.3563,1.697
1.480000,-0.3122,1.0973,1.4274,1.827
1.487000,-0.3065,1.2412,1.4286,1.917
1.492000,-0.2825,1.3769,1.4391,2.012
1.497000,-0.1926,1.4498,1.4396,2.052
1.501000,-0.2104,1.4724,1.3707,2.023
1.507000,-0.3135,1.4474,1.2545,1.941
1.512000,-0.3303,1.4894,1.1316,1.899
1.517000,-0.1607,1.4513,1.0499,1.798
1.522000,0.0253,1.3200,0.9895,1.650
1.528000,0.1061,1.1699,0.9264,1.496
1.535000,0.0605,1.1231,0.8340,1.400
1.536000,0.0199,1.1076,0.7820,1.356
1.541000,0.0078,0.9607,0.7395,1.212
1.548000,0.0793,0.8499,0.6226,1.056
1.551000,0.0073,0.8351,0.5220,0.985
1.557000,-0.0787,0.8014,0.4380,0.917
1.561000,-0.2101,0.8085,0.3729,0.915
1.566000,-0.3082,0.7582,0.3388,0.886
1.573000,-0.3108,0.6745,0.2210,0.775
1.577000,-0.3258,0.6340,0.1704,0.733
1.582000,-0.3577,0.5863,0.0147,0.687
1.588000,-0.3015,0.5937,-0.1673,0.687
1.593000,-0.2552,0.5773,-0.3518,0.723
1.598000,-0.1686,0.5659,-0.5292,0.793
1.602000,-0.0318,0.5619,-0.7263,0.919
1.608000,-0.0435,0.6156,-0.9070,1.097
1.612000,-0.1339,0.5788,-0.9763,1.143
1.618000,-0.3078,0.4899,-1.0466,1.196
1.623000,-0.3764,0.4924,-1.1299,1.289
1.628000,-0.2758,0.4857,-1.2259,1.347
1.634000,-0.0993,0.3979,-1.3392,1.401
1.637000,-0.0425,0.2913,-1.4530,1.482
1.643000,-0.0716,0.1589,-1.5673,1.577
1.652000,-0.1170,-0.0258,-1.7443,1.748
1.653000,-0.1406,-0.2195,-1.8978,1.916
1.658000,-0.1212,-0.4152,-1.9847,2.031
1.663000,-0.1712,-0.5481,-2.0028,2.083
1.668000,-0.2307,-0.7141,-1.9976,2.134
1.674000,-0.2663,-0.9084,-1.9232,2.144
1.678000,-0.1727,-0.9422,-1.8609,2.093
1.683000,-0.0674,-1.0122,-1.6949,1.975
1.689000,0.0207,-1.2620,-1.5493,1.998
1.693000,0.1684,-1.4378,-1.5320,2.108
1.699000,0.3039,-1.4274,-1.4534,2.060
1.704000,0.4920,-1.4391,-1.3759,2.051
1.708000,0.6538,-1.4586,-1.3087,2.066
1.715000,0.8442,-1.4955,-1.2784,2.141
1.719000,0.9893,-1.5378,-1.1387,2.154
1.724000,1.0962,-1.5187,-1.0594,2.152
1.731000,1.1580,-1.4311,-1.0976,2.143
1.733000,1.2028,-1.3469,-1.0978,2.113
1.740000,1.2591,-1.1797,-1.0773,2.034
1.745000,1.2910,-1.0655,-1.0707,1.987
1.749000,1.3512,-0.9972,-0.9105,1.910
1.755000,1.3777,-0.8503,-0.8716,1.839
1.759000,1.3395,-0.6753,-0.8701,1.734
1.764000,1.2172,-0.4577,-0.8154,1.535
1.770000,1.1497,-0.2142,-0.6120,1.320
1.775000,1.0104,0.0529,-0.3942,1.086
1.782000,0.9311,0.2523,-0.3148,1.015
1.784000,0.8421,0.4177,-0.2250,0.967
1.791000,0.6883,0.6518,-0.0960,0.953
1.795000,0.6036,0.8758,0.0024,1.064
1.800000,0.5425,0.9630,0.0150,1.105
1.806000,0.4645,1.0213,0.0924,1.126
1.810000,0.4102,0.9669,0.0602,1.052
1.819000,0.4034,0.7737,-0.0386,0.873
1.821000,0.3964,0.4920,-0.1607,0.652
1.825000,0.4107,0.1724,-0.3663,0.577
1.833000,0.4249,-0.1371,-0.4736,0.651
1.835000,0.4317,-0.4726,-0.5426,0.839
1.840000,0.4504,-0.8146,-0.6334,1.126
1.845000,0.4213,-1.0961,-0.6243,1.330
1.852000,0.4380,-1.3604,-0.6155,1.556
1.855000,0.3904,-1.5666,-0.6098,1.726
1.861000,0.3195,-1.7365,-0.5950,1.863
1.866000,0.2277,-1.9585,-0.5404,2.044
1.873000,0.1173,-2.0985,-0.6135,2.190
1.876000,0.1318,-2.0873,-0.6730,2.197
1.883000,0.1058,-2.1884,-0.6589,2.288
1.886000,0.0707,-2.2003,-0.6316,2.290
1.893000,0.0481,-2.1378,-0.6098,2.224
1.898000,0.0281,-2.0272,-0.5841,2.110
1.902000,0.0586,-1.9188,-0.5141,1.987
1.907000,0.1179,-1.8819,-0.4305,1.934
1.912000,0.1487,-1.8211,-0.3236,1.856
1.917000,0.2204,-1.7458,-0.2482,1.777
1.922000,0.2588,-1.6800,-0.1543,1.707
1.927000,0.3550,-1.6022,-0.1086,1.645
1.935000,0.3918,-1.5770,-0.0419,1.626
1.941000,0.4146,-1.5278,0.0411,1.584
1.941000,0.4256,-1.4737,0.0853,1.536
1.959000,0.5041,-1.4266,0.1145,1.517
1.961000,0.5826,-1.3724,0.1411,1.498
1.961000,0.6086,-1.3133,0.1817,1.459
1.961000,0.6276,-1.2853,0.1696,1.440
1.968000,0.6683,-1.2574,0.0857,1.427
1.974000,0.8119,-1.2702,-0.0077,1.508
1.977000,0.8743,-1.1873,-0.0557,1.475
1.982000,0.8320,-1.1186,-0.0872,1.397
1.987000,0.7422,-1.1121,-0.1382,1.344
1.994000,0.7029,-1.0721,-0.1629,1.292
1.997000,0.7663,-1.0344,-0.2260,1.307
2.003000,0.8507,-0.9896,-0.1936,1.319
2.008000,0.9301,-0.8874,-0.1755,1.297
2.013000,0.9401,-0.8091,-0.1889,1.255
2.019000,1.0409,-0.6876,-0.2268,1.268
2.023000,1.0508,-0.5182,-0.2390,1.196
2.028000,1.0249,-0.3655,-0.2017,1.107
2.040000,0.9276,-0.1935,-0.1986,0.968
2.041000,0.8424,-0.0048,-0.1364,0.853
2.042000,0.7665,0.2007,-0.0032,0.792
2.050000,0.7384,0.3871,0.1625,0.849
2.053000,0.6935,0.5759,0.2484,0.935
2.059000,0.6533,0.8292,0.3220,1.104
2.062000,0.6225,1.0536,0.2970,1.259
2.068000,0.6487,1.2636,0.2357,1.440
2.075000,0.7107,1.5047,0.3100,1.693
2.079000,0.7653,1.7411,0.3857,1.941
2.083000,0.7124,1.9680,0.5536,2.165
2.089000,0.5949,2.1328,0.8351,2.367
2.095000,0.7598,2.0657,1.1993,2.507
2.100000,0.8964,2.2619,1.2971,2.757
2.104000,0.7462,2.5325,1.2504,2.921
2.110000,0.5718,2.5784,1.2143,2.907
2.118000,0.5043,2.6681,1.2599,2.993
2.120000,0.5247,2.7849,1.3198,3.126
2.124000,0.4658,2.9168,1.5142,3.319
2.129000,0.3753,3.0848,1.8176,3.600
2.143000,0.2888,3.2883,1.9799,3.849
2.144000,0.1893,3.4934,1.8778,3.971
2.145000,0.1417,3.7314,1.5042,4.026
2.150000,0.0840,4.0406,1.0576,4.178
2.155000,-0.0121,4.3090,0.7692,4.377
2.160000,-0.0603,4.4455,0.6866,4.499
2.165000,-0.0295,4.5555,0.6716,4.605
2.169000,0.0128,4.5836,0.6383,4.628
2.177000,0.0858,4.4509,0.4412,4.474
2.179000,0.1799,4.0332,0.1068,4.039
2.185000,0.2619,3.5920,-0.3872,3.622
2.190000,0.1913,3.2305,-0.8547,3.347
2.196000,0.1211,2.7766,-1.3297,3.081
2.201000,-0.0304,2.1609,-1.5632,2.667
2.206000,-0.1536,1.6303,-1.7329,2.384
2.211000,-0.2316,1.1532,-1.9294,2.260
2.218000,-0.3272,0.6603,-2.0498,2.178
2.220000,-0.3924,0.2546,-2.0941,2.146
2.225000,-0.3911,-0.1193,-2.0623,2.102
2.230000,-0.4239,-0.5166,-1.9899,2.099
2.238000,-0.5551,-0.8082,-1.8814,2.122
2.240000,-0.6772,-0.9706,-1.8249,2.175
2.246000,-0.7755,-1.0205,-1.9184,2.307
2.251000,-0.8855,-1.0230,-1.9200,2.349
2.257000,-0.9950,-0.9755,-1.9614,2.406
2.261000,-1.1063,-0.8853,-1.9637,2.422
2.266000,-1.1548,-0.6808,-1.7879,2.235
2.271000,-1.1165,-0.4509,-1.4554,1.889
2.278000,-0.9844,-0.2008,-1.1689,1.541
2.282000,-0.9117,0.0334,-0.9470,1.315
2.287000,-0.8291,0.2300,-0.7916,1.169
2.291000,-0.7509,0.4322,-0.8368,1.205
2.298000,-0.6486,0.5874,-1.0278,1.350
2.302000,-0.5126,0.7272,-1.1565,1.459
2.307000,-0.3692,0.7870,-1.2333,1.509
2.312000,-0.2781,0.8032,-1.2919,1.546
2.317000,-0.2417,0.7422,-1.2512,1.475
2.323000,-0.2310,0.6952,-1.1568,1.369
2.328000,-0.2080,0.5878,-1.0182,1.194
2.336000,-0.2874,0.5015,-1.0030,1.158
2.337000,-0.3091,0.3408,-1.0491,1.146
2.341000,-0.3641,0.1440,-1.0512,1.122
2.356000,-0.3594,-0.0479,-1.0720,1.132
2.357000,-0.4098,-0.2326,-1.1593,1.251
2.358000,-0.4269,-0.4529,-1.2562,1.402
2.362000,-0.4205,-0.6370,-1.3338,1.537
2.368000,-0.3786,-0.7992,-1.4690,1.715
2.374000,-0.3730,-1.0064,-1.5328,1.871
2.379000,-0.3896,-1.2179,-1.5298,1.994
2.382000,-0.3637,-1.4651,-1.5724,2.180
2.387000,-0.2694,-1.6256,-1.6438,2.327
2.393000,-0.1759,-1.7620,-1.6793,2.440
2.398000,-0.1454,-1.9508,-1.6886,2.584
2.404000,-0.1345,-2.0601,-1.7415,2.701
2.408000,-0.1121,-2.1285,-1.7635,2.766
2.413000,-0.0254,-2.2372,-1.7452,2.838
2.420000,0.0204,-2.3480,-1.7178,2.909
2.423000,0.0711,-2.4130,-1.6958,2.950
2.429000,0.0455,-2.4417,-1.6433,2.944
2.434000,0.0989,-2.4510,-1.5771,2.916
2.441000,0.1932,-2.3860,-1.4827,2.816
2.443000,0.2569,-2.3662,-1.3244,2.724
2.464000,0.1871,-2.3846,-1.1880,2.671
2.465000,0.1013,-2.3481,-1.1186,2.603
2.466000,0.0209,-2.3141,-1.0898,2.558
2.466000,-0.0161,-2.2634,-1.1184,2.525
2.468000,-0.0502,-2.1744,-1.1758,2.472
2.474000,-0.0889,-2.0519,-1.1260,2.342
2.480000,-0.0530,-1.9197,-1.0479,2.188
2.483000,-0.0814,-1.8116,-0.8625,2.008
2.489000,-0.1189,-1.6963,-0.6966,1.838
2.494000,-0.1296,-1.6004,-0.5595,1.700
2.500000,-0.1255,-1.4809,-0.4819,1.562
2.505000,-0.1783,-1.3353,-0.4857,1.432
2.510000,-0.2712,-1.1492,-0.4535,1.265
2.519000,-0.3109,-1.0254,-0.4720,1.171
2.520000,-0.3191,-0.9735,-0.4021,1.101
2.530000,-0.3917,-0.8856,-0.3398,1.026
2.530000,-0.4114,-0.7809,-0.2372,0.914
2.540000,-0.4450,-0.7027,-0.1563,0.846
2.541000,-0.4737,-0.6341,-0.0924,0.797
2.544000,-0.5023,-0.5654,-0.0863,0.761
2.549000,-0.5475,-0.5518,0.0248,0.778
2.554000,-0.5900,-0.5285,-0.0032,0.792
2.561000,-0.6394,-0.5098,-0.0150,0.818
2.565000,-0.7101,-0.4764,0.0035,0.855
2.570000,-0.7256,-0.4570,0.0353,0.858
2.575000,-0.7624,-0.4277,0.0064,0.874
2.582000,-0.8112,-0.4124,0.0196,0.910
2.586000,-0.9149,-0.3489,0.0892,0.983
2.590000,-0.8846,-0.2658,0.1601,0.937
2.596000,-0.8446,-0.1634,0.2683,0.901
2.601000,-0.7899,-0.0369,0.2896,0.842
2.607000,-0.7683,0.1062,0.2248,0.808
2.610000,-0.7561,0.2538,0.1076,0.805
2.619000,-0.7175,0.4469,0.0236,0.846
2.627000,-0.6507,0.6880,-0.0016,0.947
2.628000,-0.5466,0.9008,0.0889,1.057
2.641000,-0.4504,1.1019,0.3646,1.245
2.642000,-0.4265,1.2527,0.5272,1.424
2.642000,-0.5584,1.3960,0.5896,1.615
2.646000,-0.6671,1.6634,0.6376,1.902
2.651000,-0.7544,1.8540,0.7621,2.142
2.656000,-0.9155,1.9988,0.7720,2.330
2.663000,-1.1475,2.1574,0.6341,2.525
2.666000,-1.3714,2.2797,0.4063,2.691
2.671000,-1.4769,2.3442,0.1312,2.774
2.678000,-1.4613,2.4567,-0.0339,2.859
2.682000,-1.4440,2.5073,-0.0228,2.893
2.687000,-1.3032,2.4747,0.1660,2.802
2.692000,-1.0873,2.4574,0.5131,2.736
2.696000,-0.7870,2.5031,0.8245,2.750
2.703000,-0.4582,2.5616,1.0259,2.797
2.708000,-0.3047,2.5873,1.2635,2.895
2.712000,-0.2148,2.7073,1.6066,3.155
2.720000,-0.0095,2.8994,2.1681,3.620
2.723000,0.2756,3.0172,2.7789,4.111
2.726000,0.4471,3.0223,2.7987,4.143
2.739000,0.4542,2.8285,2.2450,3.640
2.740000,0.3346,2.7618,1.4887,3.155
2.743000,0.2675,2.8511,0.7875,2.970
2.748000,0.1404,2.8788,0.4111,2.911
2.752000,0.0520,2.9144,0.1867,2.921
2.758000,0.0364,3.0322,0.1188,3.035
2.763000,0.0819,3.0572,0.0617,3.059
2.768000,0.2060,3.0351,-0.0253,3.042
2.773000,0.3999,3.0637,-0.1922,3.096
2.778000,0.5270,2.6547,-0.2607,2.719
2.784000,0.6744,2.1095,-0.5294,2.277
2.788000,0.8283,1.7561,-0.9143,2.146
2.793000,0.9363,1.4940,-1.2385,2.155
2.799000,0.9394,1.1411,-1.5283,2.126
2.804000,0.8568,0.6951,-1.7622,2.079
2.809000,0.7651,0.1633,-1.7081,1.879
2.813000,0.5952,-0.3159,-1.5113,1.655
2.821000,0.3615,-0.7837,-1.3290,1.585
2.825000,0.1039,-1.2767,-1.2104,1.762
2.829000,-0.0849,-1.7162,-1.2717,2.138
2.837000,-0.1821,-2.0401,-1.4744,2.524
2.838000,-0.2171,-2.3729,-1.7924,2.982
2.846000,-0.0976,-2.5993,-2.0849,3.334
2.864000,0.0257,-2.8293,-2.3097,3.652
2.865000,0.1337,-3.0814,-2.4438,3.935
2.866000,0.2432,-3.1977,-2.5569,4.101
2.866000,0.3587,-3.1516,-2.5398,4.063
2.870000,0.4203,-2.9672,-2.3089,3.783
2.874000,0.4572,-2.7333,-2.0246,3.432
2.879000,0.5121,-2.4836,-1.8160,3.119
2.885000,0.5557,-2.1944,-1.6513,2.802
2.890000,0.5431,-1.8827,-1.6378,2.554
2.894000,0.4458,-1.5340,-1.7373,2.360
2.901000,0.3042,-1.1026,-1.8427,2.169
2.907000,0.2622,-0.6933,-1.7994,1.946
2.910000,0.2862,-0.3731,-1.6172,1.684
2.917000,0.3119,-0.0440,-1.4179,1.452
2.920000,0.2724,0.3011,-1.1725,1.241
2.927000,0.2325,0.5544,-0.9719,1.143
2.930000,0.1781,0.7258,-0.9311,1.194
2.937000,0.1645,0.8392,-0.8992,1.241
2.939000,0.1701,0.9069,-0.9482,1.323
2.945000,0.1425,0.9193,-0.9848,1.355
2.959000,0.0410,0.8671,-0.9853,1.313
2.960000,0.0670,0.6475,-1.0143,1.205
2.960000,0.1844,0.4258,-1.0933,1.188
2.967000,0.2303,0.2021,-1.1794,1.219
2.970000,0.2023,-0.1049,-1.2538,1.274
2.975000,0.1771,-0.4017,-1.3476,1.417
2.981000,0.1161,-0.6858,-1.4731,1.629
2.987000,0.0338,-0.9331,-1.5182,1.782
2.991000,0.0037,-1.1459,-1.4617,1.857
2.996000,-0.0291,-1.3507,-1.3753,1.928
3.000000,-0.0190,-1.4686,-1.2784,1.947
3.008000,-0.0069,-1.5499,-1.2067,1.964
3.012000,-0.0048,-1.6258,-1.0857,1.955
3.021000,0.0520,-1.6847,-1.0924,2.008
3.029000,0.1133,-1.6929,-1.0805,2.011
3.029000,0.1863,-1.6602,-1.0620,1.980
3.031000,0.2303,-1.6152,-1.0683,1.950
3.045000,0.3244,-1.6106,-1.1158,1.986
3.046000,0.4114,-1.5938,-1.0922,1.975
3.046000,0.4288,-1.6247,-1.0379,1.975
3.052000,0.4294,-1.6433,-1.0488,1.996
3.056000,0.4852,-1.6282,-1.0578,2.001
3.062000,0.4740,-1.6296,-1.0053,1.973
3.068000,0.4555,-1.6354,-0.9369,1.939
3.072000,0.4730,-1.6600,-0.8789,1.937
3.077000,0.4854,-1.6772,-0.7618,1.905
3.081000,0.5575,-1.6629,-0.6409,1.867
3.089000,0.5912,-1.6316,-0.5758,1.828
3.092000,0.6727,-1.5929,-0.5781,1.823
3.098000,0.6657,-1.5566,-0.5212,1.771
3.102000,0.6226,-1.5559,-0.4912,1.746
3.109000,0.6128,-1.5333,-0.4429,1.710
3.113000,0.6529,-1.4722,-0.4433,1.670
3.121000,0.7213,-1.4060,-0.4255,1.636
3.122000,0.7941,-1.3994,-0.3271,1.642
3.128000,0.8163,-1.3684,-0.2250,1.609
3.141000,0.8598,-1.3085,-0.1525,1.573
3.141000,0.8937,-1.2006,-0.0376,1.497
3.142000,0.8915,-1.0974,0.0313,1.414
3.148000,0.7673,-1.0109,0.0614,1.271
3.152000,0.6172,-0.9651,0.0769,1.148
3.158000,0.4716,-0.8738,0.1303,1.001
3.163000,0.4361,-0.7705,0.1403,0.896
3.169000,0.4456,-0.6027,0.1598,0.766
3.173000,0.4454,-0.4232,0.2201,0.653
3.178000,0.4523,-0.2607,0.2660,0.586
3.183000,0.4713,-0.0768,0.3095,0.569
3.190000,0.4881,0.1163,0.3842,0.632
3.194000,0.5698,0.3115,0.5284,0.837
3.198000,0.6663,0.4990,0.7063,1.092
3.205000,0.6891,0.7269,0.8677,1.325
3.210000,0.6695,0.9757,1.0917,1.610
3.214000,0.7366,1.2143,1.2996,1.925
3.222000,0.8038,1.4474,1.5010,2.235
3.224000,0.8545,1.6918,1.6982,2.545
3.229000,0.9510,1.9403,1.7476,2.779
3.239000,1.0452,2.1693,1.7422,2.972
3.240000,1.1058,2.3980,1.7011,3.141
3.244000,1.1760,2.6721,1.6569,3.357
3.250000,1.1793,2.9105,1.6762,3.560
3.253000,1.1328,3.1228,1.7778,3.768
3.259000,1.0435,3.3689,1.9450,4.028
3.264000,0.8942,3.5863,2.0657,4.234
3.270000,0.6994,3.8445,2.1066,4.439
3.275000,0.5687,4.1623,2.1614,4.724
3.279000,0.4782,4.4677,2.1276,4.972
3.287000,0.3705,4.7370,1.9621,5.141
3.292000,0.2603,5.0321,1.8544,5.369
3.295000,0.1045,5.2478,1.7593,5.536
3.301000,-0.0082,5.3815,1.6771,5.637
3.305000,-0.0491,5.4760,1.5058,5.679
3.311000,-0.0447,5.3614,1.1166,5.477
3.315000,0.0144,4.9422,0.5267,4.970
3.320000,0.1019,4.3338,-0.2452,4.342
3.325000,0.1344,3.7929,-0.9700,3.917
3.331000,0.1029,3.2457,-1.6990,3.665
3.341000,0.0243,2.7167,-2.3213,3.573
3.343000,-0.1278,2.1321,-2.8116,3.531
3.346000,-0.3315,1.5736,-3.2714,3.645
3.364000,-0.5067,0.9411,-3.5625,3.719
3.366000,-0.6615,0.3184,-3.6376,3.711
3.366000,-0.8418,-0.3041,-3.6211,3.730
3.367000,-0.9815,-0.9291,-3.4667,3.721
3.371000,-0.9516,-1.3679,-3.1838,3.593
3.377000,-0.7994,-1.5683,-2.7429,3.259
3.381000,-0.6390,-1.5933,-2.1025,2.714
3.387000,-0.6075,-1.5900,-1.2607,2.118
3.392000,-0.7233,-1.4827,-0.5368,1.735
3.396000,-0.8688,-1.1884,-0.1465,1.479
3.400000,-0.9941,-0.8321,-0.1272,1.303
3.406000,-1.1043,-0.4044,-0.3493,1.227
3.412000,-1.1158,0.0690,-0.6583,1.297
3.418000,-1.0836,0.4138,-0.9163,1.478
3.421000,-0.9837,0.6663,-1.0619,1.594
3.427000,-0.7112,0.9536,-1.2128,1.699
3.434000,-0.3904,1.1059,-1.1944,1.674
3.437000,-0.0931,1.0945,-1.1026,1.556
3.443000,0.2217,1.0081,-1.0544,1.476
3.447000,0.2816,0.8780,-0.9736,1.341
3.454000,0.2448,0.6827,-0.8817,1.142
3.459000,0.1158,0.4393,-0.8699,0.981
3.462000,-0.0583,0.1144,-0.8692,0.879
3.478000,-0.2277,-0.1409,-0.8606,0.901
3.479000,-0.3258,-0.3889,-0.8945,1.028
3.479000,-0.3648,-0.5673,-0.9522,1.167
3.481000,-0.3043,-0.7238,-0.9667,1.245
3.487000,-0.1204,-0.8874,-0.8830,1.258
3.493000,0.0413,-1.1514,-0.8441,1.428
3.497000,0.0500,-1.3557,-0.9167,1.637
3.502000,0.0346,-1.5795,-1.0954,1.923
3.507000,0.0449,-1.7124,-1.4332,2.234
3.513000,0.1280,-1.8259,-1.6968,2.496
3.517000,0.2652,-2.0270,-1.8896,2.784
3.523000,0.3854,-2.2320,-2.0431,3.050
3.528000,0.4358,-2.4697,-2.0707,3.252
3.536000,0.4860,-2.6134,-2.1183,3.399
3.538000,0.4764,-2.6294,-2.0096,3.344
3.542000,0.4838,-2.6948,-1.9225,3.345
3.548000,0.4535,-2.8239,-1.7487,3.352
3.562000,0.3758,-2.9500,-1.5882,3.371
3.563000,0.3152,-2.8985,-1.4531,3.258
3.564000,0.2235,-2.8466,-1.3213,3.146
3.569000,0.1778,-2.8304,-1.2361,3.094
3.574000,0.0652,-2.7588,-1.1039,2.972
3.579000,0.0298,-2.7038,-1.0255,2.892
3.585000,-0.0386,-2.6269,-0.9814,2.805
3.589000,-0.1233,-2.5642,-0.9310,2.731
3.595000,-0.1644,-2.4846,-0.8885,2.644
3.602000,-0.2005,-2.3811,-0.9397,2.568
3.604000,-0.2340,-2.2535,-1.0033,2.478
3.609000,-0.2385,-2.1308,-0.9548,2.347
3.615000,-0.1616,-2.0175,-0.8662,2.202
3.620000,-0.0630,-1.8659,-0.7520,2.013
3.624000,0.0098,-1.7478,-0.6217,1.855
3.629000,-0.0099,-1.6488,-0.5113,1.726
3.637000,-0.0361,-1.5426,-0.3943,1.593
3.640000,-0.0972,-1.4100,-0.3306,1.451
3.644000,-0.1889,-1.2654,-0.2222,1.299
3.656000,-0.2989,-1.1566,-0.1169,1.200
3.657000,-0.3868,-1.0645,0.0333,1.133
3.659000,-0.5293,-0.9628,0.1062,1.104
3.665000,-0.6713,-0.8993,0.1929,1.139
3.670000,-0.7508,-0.8262,0.1261,1.124
3.676000,-0.8636,-0.7387,0.1355,1.144
3.680000,-0.9257,-0.6989,0.1612,1.171
3.684000,-0.9684,-0.6446,0.1336,1.171
3.689000,-1.0155,-0.5400,0.2852,1.185
3.697000,-0.9952,-0.3732,0.4028,1.137
3.701000,-0.9984,-0.2208,0.5463,1.159
3.706000,-0.9438,-0.0159,0.7517,1.207
3.710000,-0.9106,0.2199,0.8561,1.269
3.716000,-0.8150,0.5296,1.0511,1.432
3.723000,-0.7959,0.8367,1.2123,1.674
3.726000,-0.7745,1.1219,1.3156,1.895
3.730000,-0.8131,1.4643,1.4115,2.190
3.738000,-0.8095,1.7825,1.4065,2.411
3.741000,-0.8356,2.0454,1.4300,2.632
3.745000,-0.9271,2.3007,1.4250,2.861
3.760000,-1.0550,2.4528,1.4323,3.030
3.761000,-1.2188,2.5828,1.4641,3.209
3.762000,-1.3515,2.6717,1.4010,3.306
3.767000,-1.3928,2.7627,1.3457,3.374
3.770000,-1.2684,2.8151,1.2334,3.325
3.777000,-1.1355,2.8533,1.2546,3.317
3.781000,-0.9628,2.8561,1.3464,3.301
3.787000,-0.7218,2.7758,1.6398,3.304
3.791000,-0.4515,2.7298,2.0008,3.414
3.798000,-0.2692,2.5982,2.2549,3.451
3.802000,-0.1585,2.5413,2.3355,3.455
3.807000,-0.0767,2.4658,2.3244,3.389
3.812000,-0.0939,2.4769,2.2261,3.332
3.818000,-0.2652,2.4793,2.0259,3.213
3.822000,-0.3549,2.4056,1.7627,3.003
3.827000,-0.3095,2.3995,1.3936,2.792
3.832000,-0.1675,2.6931,0.9211,2.851
3.838000,-0.0876,3.0512,0.5779,3.107
3.842000,0.1393,3.4856,0.4360,3.515
3.847000,0.3949,3.9696,0.2874,4.000
3.855000,0.6374,4.2783,0.0987,4.327
3.857000,0.7554,4.3230,-0.2058,4.393
3.862000,0.8673,4.1730,-0.5177,4.294
3.879000,1.0169,3.7115,-1.0861,3.999
3.880000,1.1383,3.2165,-1.7316,3.826
3.881000,1.1816,2.8153,-2.1202,3.717
3.881000,1.2671,2.3046,-2.1879,3.421
3.887000,1.3353,1.6007,-2.0066,2.893
3.892000,1.4316,0.8252,-1.5467,2.263
3.899000,1.3208,0.2834,-0.9860,1.672
3.903000,1.1131,-0.2886,-1.0170,1.535
3.908000,0.8553,-1.0227,-1.4496,1.969
3.913000,0.6198,-1.6427,-1.9546,2.627
3.918000,0.3699,-2.0095,-2.3966,3.149
3.924000,0.2577,-2.2518,-2.7534,3.566
3.928000,0.1820,-2.5081,-2.7772,3.747
3.932000,-0.0322,-2.5173,-2.4595,3.520
3.938000,-0.2581,-2.3301,-2.0899,3.141
3.944000,-0.4800,-1.9974,-1.6868,2.658
3.949000,-0.4378,-1.7017,-1.4835,2.300
3.954000,-0.2340,-1.3475,-1.4891,2.022
3.959000,-0.0163,-1.0134,-1.7231,1.999
3.963000,0.1537,-0.7160,-1.8505,1.990
3.986000,0.2407,-0.4170,-1.7976,1.861
3.987000,0.3886,-0.1354,-1.7462,1.794
3.987000,0.5048,0.1477,-1.6580,1.739
3.988000,0.6495,0.3749,-1.5374,1.711
3.988000,0.6822,0.5773,-1.3846,1.648
3.994000,0.6802,0.7265,-1.2909,1.630
4.000000,0.6866,0.7987,-1.2255,1.616
4.004000,0.6037,0.7583,-1.2245,1.562
4.009000,0.5321,0.6557,-1.2448,1.504
4.015000,0.4380,0.4623,-1.2890,1.438
4.022000,0.3142,0.2238,-1.3332,1.388
4.024000,0.1937,-0.0526,-1.4040,1.418
4.031000,0.0739,-0.4000,-1.4633,1.519
4.039000,-0.0359,-0.7300,-1.4755,1.647
4.041000,-0.0926,-1.0232,-1.5339,1.846
4.045000,-0.1899,-1.3085,-1.5738,2.056
4.062000,-0.1294,-1.5717,-1.6430,2.277
4.062000,-0.0928,-1.9059,-1.6508,2.523
4.063000,-0.1804,-2.1818,-1.6523,2.743
4.065000,-0.3492,-2.3086,-1.5928,2.826
4.070000,-0.4295,-2.3964,-1.5368,2.879
4.075000,-0.3524,-2.4287,-1.4556,2.853
4.081000,-0.2209,-2.5156,-1.3778,2.877
4.085000,-0.0420,-2.5134,-1.2746,2.818
4.090000,0.0912,-2.4703,-1.2393,2.765
4.095000,0.1742,-2.4317,-1.2071,2.720
4.101000,0.2715,-2.3833,-1.1780,2.672
4.105000,0.3235,-2.3348,-1.1639,2.629
4.111000,0.3230,-2.2980,-1.1431,2.587
4.116000,0.3322,-2.2898,-1.1540,2.586
4.121000,0.3632,-2.2886,-1.2276,2.622
4.127000,0.3844,-2.2823,-1.2323,2.622
4.131000,0.4176,-2.2781,-1.2474,2.631
4.138000,0.5035,-2.2568,-1.2753,2.641
4.142000,0.6181,-2.2209,-1.1866,2.593
4.146000,0.5582,-2.2804,-1.0726,2.581
4.170000,0.4797,-2.3083,-1.0433,2.578
4.171000,0.4707,-2.2281,-0.8836,2.443
4.171000,0.4997,-2.1309,-0.7248,2.306
4.172000,0.6001,-2.0718,-0.5266,2.220
4.172000,0.7622,-1.9572,-0.2818,2.119
4.177000,0.8138,-1.8449,-0.0980,2.019
4.185000,0.8097,-1.7012,0.0944,1.886
4.187000,0.8217,-1.5214,0.2472,1.747
4.191000,0.7541,-1.3461,0.3365,1.579
4.196000,0.6117,-1.2328,0.4175,1.438
4.203000,0.5262,-1.1049,0.4113,1.291
4.206000,0.4881,-0.8715,0.4449,1.093
4.212000,0.4565,-0.6455,0.4328,0.901
4.218000,0.4485,-0.4053,0.4662,0.763
4.223000,0.4331,-0.1776,0.4569,0.654
4.228000,0.5492,-0.0510,0.4987,0.744
4.232000,0.7087,0.1874,0.5917,0.942
4.237000,0.7708,0.4825,0.6691,1.129
4.243000,0.7834,0.6571,0.7595,1.274
4.248000,0.8181,0.9363,1.0039,1.598
4.256000,0.8633,1.2673,1.2515,1.979
4.257000,0.9405,1.5974,1.5239,2.400
4.263000,1.0951,1.9194,1.7470,2.817
4.269000,1.1927,2.2285,1.9182,3.173
4.278000,1.2836,2.4507,2.0447,3.440
4.279000,1.3531,2.7060,2.1380,3.705
4.283000,1.3770,3.0493,2.1932,4.001
4.288000,1.4127,3.1722,2.0399,4.027
4.293000,1.4721,3.1926,1.8878,3.990
4.298000,1.5304,3.2356,1.6188,3.928
4.304000,1.5089,3.2940,1.4526,3.904
4.308000,1.3620,3.3850,1.3693,3.897
4.313000,1.2026,3.4582,1.5700,3.984
4.318000,0.9972,3.5993,1.9236,4.201
4.325000,0.8126,3.7551,2.2231,4.439
4.329000,0.6725,3.9922,2.2588,4.636
4.335000,0.4764,4.2194,2.0217,4.703
4.338000,0.3474,4.4969,1.5666,4.775
4.345000,0.2074,4.7529,1.1283,4.889
4.349000,0.0015,4.9608,1.0036,5.061
4.356000,-0.2031,5.1994,0.9226,5.284
4.366000,-0.2612,5.2290,0.6923,5.281
4.368000,-0.1634,5.0064,0.2465,5.015
4.369000,-0.0844,4.4818,-0.3595,4.497
4.376000,-0.0784,3.7324,-1.1906,3.918
4.378000,-0.2005,3.1751,-2.0489,3.784
4.384000,-0.3956,2.6523,-2.7562,3.845
4.389000,-0.5567,1.8844,-3.2200,3.772
4.394000,-0.6369,1.0970,-3.2667,3.504
4.400000,-0.5720,0.4385,-3.1625,3.244
4.406000,-0.4511,-0.3263,-2.8994,2.952
4.409000,-0.5104,-1.0497,-2.6144,2.863
4.414000,-0.6804,-1.4547,-2.3425,2.840
4.419000,-0.8919,-1.6853,-1.9354,2.717
4.426000,-0.9125,-1.8016,-1.3283,2.417
4.430000,-0.8925,-1.7585,-0.7269,2.102
4.438000,-0.8555,-1.5494,-0.4009,1.815
4.440000,-0.9856,-1.2464,-0.3592,1.629
4.446000,-1.1897,-0.9044,-0.4749,1.568
4.455000,-1.3246,-0.4109,-0.5785,1.503
4.456000,-1.3379,0.1216,-0.6655,1.499
4.460000,-1.2630,0.5520,-0.6522,1.525
4.466000,-1.1974,0.8970,-0.6820,1.644
4.470000,-1.1652,1.1303,-0.7835,1.803
4.475000,-1.0637,1.2977,-0.9327,1.920
4.481000,-0.9149,1.3705,-0.9958,1.925
4.487000,-0.5683,1.3156,-1.0115,1.754
4.490000,-0.2103,1.1523,-0.9199,1.489
4.496000,0.0733,1.0363,-0.8652,1.352
4.500000,0.2924,0.7067,-0.7561,1.075
4.507000,0.3586,0.3291,-0.8297,0.962
4.511000,0.2961,-0.0245,-1.0220,1.064
4.516000,0.2509,-0.2247,-1.1585,1.206
4.521000,0.1488,-0.4795,-1.2877,1.382
4.527000,0.0611,-0.8701,-1.3813,1.634
4.532000,0.0568,-1.1619,-1.3843,1.808
4.538000,0.0664,-1.4265,-1.3713,1.980
4.541000,0.0517,-1.6644,-1.4038,2.178
4.546000,0.0390,-1.9615,-1.5040,2.472
4.562000,0.0688,-2.2458,-1.6334,2.778
4.563000,0.0475,-2.4313,-1.8209,3.038
4.564000,0.0301,-2.5872,-1.9570,3.244
4.567000,0.0478,-2.7589,-2.0323,3.427
4.571000,0.1149,-2.8698,-2.0590,3.534
4.577000,0.1957,-2.9344,-2.0346,3.576
4.582000,0.2591,-2.9790,-1.9832,3.588
4.588000,0.3076,-3.0756,-1.9093,3.633
4.592000,0.3774,-3.0807,-1.7576,3.567
4.597000,0.3324,-2.9897,-1.7099,3.460
4.602000,0.3115,-3.0515,-1.6393,3.478
4.609000,0.3001,-3.0245,-1.5478,3.411
4.613000,0.3084,-2.9110,-1.4286,3.257
4.620000,0.3221,-2.8715,-1.3416,3.186
4.622000,0.2505,-2.8340,-1.2914,3.124
4.628000,0.1730,-2.8706,-1.1941,3.114
4.633000,0.1109,-2.8303,-1.1047,3.040
4.637000,0.0355,-2.7061,-1.0207,2.892
4.643000,-0.0603,-2.6226,-0.9565,2.792
4.650000,-0.1238,-2.5414,-0.7995,2.667
4.657000,-0.1578,-2.3716,-0.6694,2.469
4.658000,-0.1311,-2.2092,-0.5254,2.275
4.662000,-0.0916,-2.0731,-0.3748,2.109
4.680000,-0.0561,-1.8964,-0.1840,1.906
4.681000,0.0401,-1.6935,-0.0848,1.696
4.681000,0.0821,-1.5171,0.0715,1.521
4.682000,0.0247,-1.3505,0.0912,1.354
4.688000,-0.1276,-1.1576,0.0074,1.165
4.693000,-0.3246,-0.9716,0.0158,1.025
4.698000,-0.5689,-0.8260,-0.0107,1.003
4.706000,-0.8488,-0.6704,0.0118,1.082
4.710000,-1.0017,-0.5195,0.1195,1.135
4.714000,-1.0999,-0.4523,0.2411,1.213
4.718000,-1.1434,-0.2464,0.3672,1.226
4.724000,-1.1967,-0.0313,0.5030,1.298
4.730000,-1.1976,0.1451,0.6320,1.362
4.733000,-1.2776,0.3498,0.7398,1.517
4.739000,-1.2743,0.5949,0.8043,1.620
4.744000,-1.2474,0.8830,0.8922,1.770
4.750000,-1.2639,1.2044,0.9890,2.007
4.756000,-1.2499,1.4326,1.1996,2.248
4.765000,-1.1674,1.6895,1.3493,2.457
4.766000,-1.1694,1.9105,1.4262,2.655
4.777000,-1.1218,2.1220,1.4904,2.825
4.778000,-1.0104,2.3860,1.5686,3.029
4.779000,-1.0336,2.4989,1.5944,3.139
4.785000,-1.1116,2.5851,1.6110,3.242
4.790000,-1.1723,2.7738,1.4368,3.337
4.795000,-1.1824,2.7657,1.3044,3.279
4.800000,-1.0676,2.7623,1.1916,3.192
4.805000,-0.9731,2.7614,0.9424,3.076
4.811000,-0.8148,2.6845,0.8020,2.918
4.815000,-0.6629,2.5609,0.9560,2.813
4.820000,-0.3935,2.4290,1.3968,2.829
4.825000,-0.0839,2.3221,1.7368,2.901
4.832000,-0.0141,2.2974,1.9789,3.032
4.838000,0.0145,2.2329,2.0779,3.050
4.840000,-0.0202,2.1740,2.0985,3.022
4.845000,-0.0330,2.1898,2.2162,3.116
4.849000,0.0930,2.2057,2.0898,3.040
4.866000,0.1780,2.2263,1.5763,2.734
4.867000,0.1287,2.3597,0.8809,2.522
4.867000,0.1221,2.6179,0.3074,2.639
4.872000,0.1032,2.9741,0.0956,2.977
4.876000,0.2551,3.2747,-0.1108,3.286
4.881000,0.4761,3.5748,-0.1991,3.612
4.886000,0.6069,3.6155,-0.3815,3.686
4.892000,0.5715,3.4090,-0.7033,3.527
4.897000,0.5450,3.1349,-1.2738,3.427
4.900000,0.5876,2.8819,-1.8899,3.496
4.906000,0.7259,2.5928,-2.4133,3.616
4.912000,0.8694,2.1460,-2.7897,3.625
4.916000,1.0250,1.5344,-2.7271,3.293
4.921000,1.1354,0.9300,-2.2878,2.718
4.927000,1.2388,0.4018,-1.6263,2.083
4.932000,1.3229,-0.0321,-1.0357,1.680
4.938000,1.2656,-0.4513,-0.7490,1.538
4.941000,1.0806,-0.8607,-0.9187,1.659
4.946000,0.8245,-1.1735,-1.4331,2.027
4.960000,0.5397,-1.3364,-1.9296,2.408
4.961000,0.2776,-1.3727,-2.1854,2.596
4.961000,-0.0072,-1.3346,-2.2401,2.608
4.967000,-0.2125,-1.1766,-2.0035,2.333
4.972000,-0.2723,-0.9827,-1.7844,2.055
4.977000,-0.1868,-0.7123,-1.5536,1.719
4.982000,0.0514,-0.4835,-1.4488,1.528
4.987000,0.2327,-0.2769,-1.4076,1.453
4.993000,0.3694,-0.0853,-1.3222,1.375
4.998000,0.4216,0.0718,-1.2449,1.316
5.002000,0.4779,0.2569,-1.2333,1.347
5.007000,0.4933,0.3433,-1.2016,1.344
5.013000,0.4993,0.3623,-1.1763,1.328
5.018000,0.4943,0.4624,-1.1385,1.325
5.022000,0.3927,0.5121,-1.1340,1.305
5.027000,0.2686,0.4901,-1.1201,1.252
5.033000,0.1749,0.4060,-1.0967,1.182
5.037000,0.0423,0.2192,-1.1620,1.183
5.042000,-0.0840,0.0138,-1.2397,1.243
5.047000,-0.2118,-0.2773,-1.2985,1.345
5.053000,-0.3173,-0.5702,-1.4703,1.609
5.058000,-0.4438,-0.8718,-1.5756,1.855
5.062000,-0.5533,-1.1391,-1.7153,2.132
5.073000,-0.6222,-1.4438,-1.7559,2.357
5.074000,-0.6674,-1.7546,-1.7642,2.576
5.078000,-0.6890,-2.0189,-1.7717,2.773
5.083000,-0.7133,-2.2416,-1.7353,2.923
5.089000,-0.6736,-2.4203,-1.6669,3.015
5.094000,-0.6177,-2.6031,-1.5952,3.115
5.099000,-0.6005,-2.7611,-1.5917,3.243
5.103000,-0.5742,-2.8563,-1.5561,3.303
5.109000,-0.5102,-2.9101,-1.5385,3.331
5.117000,-0.4494,-2.9347,-1.5412,3.345
5.119000,-0.2790,-2.9926,-1.5135,3.365
5.124000,-0.1452,-2.9662,-1.5129,3.333
5.129000,-0.0790,-2.9396,-1.4845,3.294
5.134000,0.0155,-2.9559,-1.3656,3.256
5.139000,0.0933,-2.9073,-1.3505,3.207
5.144000,0.1616,-2.8634,-1.2809,3.141
5.149000,0.1796,-2.8647,-1.1642,3.097
5.157000,0.1905,-2.7845,-1.0575,2.985
5.164000,0.2517,-2.7042,-0.9683,2.883
5.165000,0.3629,-2.6406,-0.8604,2.801
5.184000,0.4597,-2.5244,-0.7242,2.666
5.185000,0.6018,-2.3626,-0.5649,2.503
5.185000,0.7007,-2.2104,-0.3343,2.343
5.185000,0.7064,-2.0824,-0.2139,2.209
5.190000,0.6426,-1.9476,-0.1676,2.058
5.196000,0.5998,-1.7171,-0.1692,1.827
5.200000,0.6325,-1.5129,-0.1884,1.651
5.205000,0.7432,-1.3300,-0.0773,1.525
5.209000,0.8363,-1.1541,-0.0224,1.425
5.217000,0.7805,-0.9998,0.0227,1.269
5.220000,0.6981,-0.8290,0.0365,1.084
5.225000,0.6801,-0.6606,0.0550,0.950
5.233000,0.6187,-0.4732,0.0564,0.781
5.239000,0.6005,-0.3147,0.0886,0.684
5.240000,0.6252,-0.1922,0.1805,0.679
5.245000,0.6332,-0.0076,0.3250,0.712
5.250000,0.6893,0.2749,0.5720,0.937
5.263000,0.7103,0.4828,0.9263,1.263
5.264000,0.6725,0.7264,1.3832,1.701
5.265000,0.5500,1.0315,1.7709,2.122
5.271000,0.5270,1.3764,2.0157,2.497
5.276000,0.5386,1.7347,2.1945,2.849
5.281000,0.5772,2.0873,2.2739,3.140
5.287000,0.6522,2.4724,2.2801,3.426
5.291000,0.7273,2.8617,2.2606,3.719
5.297000,0.9000,3.2312,2.2461,4.037
5.301000,1.0580,3.5046,2.1214,4.231
5.306000,1.1911,3.7540,1.9674,4.403
5.312000,1.3088,3.9151,1.8006,4.504
5.318000,1.3390,3.9379,1.5438,4.437
5.322000,1.2749,3.8731,1.3305,4.289
5.327000,1.2265,3.7261,1.0590,4.063
5.331000,1.1124,3.4948,0.8220,3.759
5.337000,0.9835,3.3138,0.8194,3.553
5.343000,0.7780,3.2286,1.1634,3.519
5.348000,0.4797,3.1450,1.8788,3.695
5.351000,0.2109,3.1100,2.4680,3.976
5.358000,0.0334,3.1966,2.5693,4.101
5.364000,-0.2418,3.3135,2.1893,3.979
5.367000,-0.6284,3.4824,1.5503,3.863
5.388000,-0.9010,3.8277,0.9489,4.045
5.389000,-1.1025,4.0359,0.5573,4.221
5.390000,-1.2116,4.0305,0.3155,4.220
5.390000,-1.1718,3.7707,0.0687,3.949
5.392000,-0.8645,3.3618,-0.2421,3.480
5.399000,-0.3782,2.9497,-0.6477,3.044
5.403000,-0.0570,2.6279,-1.1434,2.866
5.407000,-0.0345,2.1762,-1.5956,2.699
5.413000,-0.1527,1.5807,-1.9065,2.481
5.418000,-0.2685,1.0140,-2.1556,2.397
5.423000,-0.3369,0.3947,-2.3146,2.372
5.428000,-0.4033,-0.2100,-2.4338,2.476
5.433000,-0.5007,-0.6777,-2.4423,2.584
5.440000,-0.6769,-1.0252,-2.2310,2.547
5.450000,-0.7741,-1.2380,-1.7476,2.277
5.451000,-0.8620,-1.3838,-1.0681,1.949
5.462000,-0.8883,-1.3459,-0.5555,1.706
5.462000,-0.8056,-1.0746,-0.3784,1.395
5.463000,-0.7433,-0.6516,-0.5410,1.127
5.468000,-0.7558,-0.1559,-0.8164,1.123
5.473000,-0.8666,0.4226,-0.9686,1.367
5.480000,-0.9870,0.9452,-1.0220,1.706
5.484000,-1.0165,1.4406,-1.0056,2.030
5.489000,-0.9695,1.7843,-0.8806,2.213
5.494000,-0.8651,1.9613,-0.7605,2.275
5.500000,-0.7104,2.0629,-0.7407,2.304
5.503000,-0.4795,2.0101,-0.7231,2.189
5.509000,-0.1339,1.7649,-0.8155,1.949
5.514000,0.1282,1.4019,-0.9175,1.680
5.520000,0.2257,1.0243,-1.0177,1.461
5.525000,0.2019,0.6492,-1.1241,1.314
5.529000,0.1288,0.2243,-1.1773,1.205
5.534000,0.0083,-0.2333,-1.1450,1.169
5.540000,-0.0693,-0.5944,-1.1298,1.278
5.546000,-0.1379,-0.9332,-1.1484,1.486
5.549000,-0.1497,-1.2573,-1.2268,1.763
5.557000,-0.1482,-1.6380,-1.3868,2.151
5.564000,-0.1499,-2.0059,-1.5857,2.561
5.565000,-0.1071,-2.3155,-1.8117,2.942
5.583000,-0.0461,-2.5690,-1.9501,3.226
5.584000,0.0189,-2.8120,-1.9943,3.447
5.585000,0.1383,-3.0180,-2.0043,3.626
5.585000,0.2718,-3.2062,-1.9444,3.760
5.589000,0.3382,-3.3408,-1.8671,3.842
5.595000,0.3642,-3.4556,-1.7795,3.904
5.601000,0.2995,-3.5121,-1.7294,3.926
5.605000,0.2544,-3.5250,-1.6496,3.900
5.610000,0.1978,-3.5518,-1.5951,3.899
5.615000,0.1299,-3.5255,-1.5466,3.852
5.620000,-0.0263,-3.4654,-1.5037,3.778
5.626000,-0.1102,-3.3716,-1.5119,3.697
5.631000,-0.0717,-3.2442,-1.4179,3.541
5.636000,-0.0616,-3.1623,-1.3314,3.432
5.643000,-0.0871,-3.0398,-1.3336,3.321
5.647000,-0.1121,-2.9438,-1.2759,3.210
5.650000,-0.1505,-2.7979,-1.1679,3.036
5.667000,-0.1189,-2.6928,-1.1580,2.934
5.668000,-0.1395,-2.5615,-1.1146,2.797
5.668000,-0.2022,-2.3874,-1.1000,2.636
5.671000,-0.2714,-2.3211,-1.0283,2.553
5.676000,-0.2900,-2.2094,-0.9734,2.432
5.683000,-0.2743,-2.1048,-0.9743,2.336
5.687000,-0.2866,-2.0527,-0.9475,2.279
5.691000,-0.3732,-1.9574,-0.7224,2.120
5.698000,-0.4598,-1.7903,-0.6176,1.949
5.703000,-0.5389,-1.5729,-0.6452,1.783
5.706000,-0.5629,-1.4726,-0.6358,1.700
5.712000,-0.5344,-1.3311,-0.5058,1.521
5.717000,-0.4915,-1.1200,-0.2528,1.249
5.723000,-0.4724,-0.8895,-0.0038,1.007
5.728000,-0.4484,-0.5847,0.2509,0.778
5.732000,-0.4337,-0.3159,0.4924,0.728
5.741000,-0.4499,-0.0327,0.6252,0.771
5.743000,-0.4994,0.2360,0.7068,0.897
5.747000,-0.6565,0.5359,0.7756,1.149
5.778000,-0.7610,0.8956,0.9053,1.484
5.780000,-0.8369,1.1957,1.0812,1.816
5.780000,-0.9467,1.4959,1.2797,2.184
5.780000,-1.0069,1.8008,1.4511,2.522
5.780000,-1.0561,2.1292,1.6198,2.876
5.781000,-1.0704,2.4189,1.6931,3.141
5.783000,-1.2294,2.5429,1.6212,3.257
5.788000,-1.3531,2.6999,1.5551,3.397
5.792000,-1.4364,2.8133,1.4874,3.491
5.798000,-1.4357,2.9528,1.4754,3.600
5.805000,-1.4220,2.9938,1.5354,3.653
5.807000,-1.3971,2.9987,1.6459,3.695
5.814000,-1.3724,2.9892,1.6988,3.702
5.818000,-1.2120,3.0375,1.7578,3.713
5.824000,-0.9330,3.0623,1.9400,3.743
5.829000,-0.5790,2.8770,2.1636,3.646
5.833000,-0.2556,2.6590,2.3377,3.550
5.840000,-0.0518,2.5832,2.4835,3.584
5.848000,0.0562,2.5298,2.5604,3.600
5.849000,0.0820,2.4389,2.6741,3.620
5.866000,0.0514,2.3363,2.5935,3.491
5.867000,-0.0678,2.2266,2.0471,3.025
5.867000,-0.2265,2.3659,1.3459,2.731
5.870000,-0.2941,2.7304,0.8340,2.870
5.873000,-0.2038,3.2554,0.6233,3.321
5.879000,-0.0150,3.9021,0.5657,3.943
5.885000,0.2733,4.4809,0.5327,4.521
5.889000,0.6464,4.8668,0.3031,4.919
5.895000,1.1124,5.0239,-0.0791,5.146
5.900000,1.4244,4.8831,-0.7362,5.140
5.904000,1.5288,4.2109,-1.4990,4.724
5.910000,1.5385,3.5755,-2.3383,4.541
5.914000,1.5612,3.0566,-2.9464,4.523
5.922000,1.6278,2.4055,-3.2503,4.359
5.926000,1.7934,1.6485,-3.0587,3.910
5.930000,1.8888,0.8978,-2.4549,3.225
5.935000,1.7949,0.1403,-1.4899,2.337
5.940000,1.6621,-0.4528,-0.5921,1.822
5.947000,1.3312,-0.9667,-0.0887,1.648
5.950000,0.9302,-1.3828,-0.3923,1.712
5.959000,0.6229,-1.7052,-1.1349,2.141
5.960000,0.4013,-1.7988,-1.8401,2.604
5.969000,0.2721,-1.7442,-2.1562,2.787
5.994000,0.1273,-1.5314,-2.0323,2.548
5.995000,-0.0074,-1.1964,-1.7823,2.147
5.996000,-0.0850,-0.9697,-1.3575,1.670
5.996000,-0.0021,-0.5738,-1.0974,1.238
5.997000,0.0835,-0.2554,-1.0204,1.055
5.997000,0.1744,0.0522,-1.0924,1.107
6.001000,0.2086,0.3110,-1.1222,1.183
6.006000,0.2920,0.4945,-1.1885,1.320
6.010000,0.3484,0.6053,-1.0807,1.287
6.015000,0.4094,0.6340,-0.9715,1.230
6.021000,0.4352,0.6500,-0.8728,1.172
6.027000,0.4048,0.5935,-0.8182,1.089
6.031000,0.3306,0.4527,-0.8172,0.991
6.035000,0.2223,0.1968,-0.9038,0.951
6.040000,0.1201,-0.0637,-0.9804,0.990
6.047000,0.0286,-0.3740,-0.9588,1.030
6.051000,0.0289,-0.7460,-1.0117,1.257
6.057000,0.0371,-1.1342,-1.1124,1.589
6.061000,0.0170,-1.5099,-1.2298,1.947
6.067000,0.0019,-1.8276,-1.3975,2.301
6.084000,-0.0682,-2.1468,-1.4823,2.610
6.085000,-0.1454,-2.3860,-1.5277,2.837
6.085000,-0.2177,-2.6171,-1.6055,3.078
6.089000,-0.3115,-2.7804,-1.6460,3.246
6.093000,-0.2575,-2.9216,-1.6659,3.373
6.097000,-0.2567,-3.1484,-1.5308,3.510
6.103000,-0.2990,-3.2624,-1.4775,3.594
6.110000,-0.3886,-3.2899,-1.3937,3.594
6.113000,-0.5665,-3.3028,-1.3630,3.618
6.116000,-0.7371,-3.3418,-1.3590,3.682
6.121000,-0.7737,-3.2730,-1.3912,3.640
6.128000,-0.7557,-3.2664,-1.3732,3.623
6.132000,-0.7187,-3.2477,-1.3867,3.604
6.138000,-0.6842,-3.2216,-1.3886,3.574
6.143000,-0.7025,-3.1882,-1.3672,3.539
6.148000,-0.7041,-3.1714,-1.3366,3.513
6.152000,-0.6584,-3.1472,-1.2777,3.460
6.157000,-0.5130,-3.0749,-1.2124,3.345
6.163000,-0.3706,-2.9905,-1.1073,3.210
6.168000,-0.2457,-2.8867,-0.9959,3.063
6.175000,-0.0832,-2.7684,-0.8134,2.887
6.177000,0.0783,-2.6189,-0.6247,2.694
6.183000,0.2007,-2.3833,-0.4247,2.429
6.210000,0.3323,-2.1550,-0.3329,2.206
6.211000,0.3748,-1.9533,-0.1791,1.997
6.211000,0.4238,-1.6896,-0.0974,1.745
6.212000,0.4413,-1.4309,-0.0424,1.498
6.212000,0.4893,-1.1485,0.0937,1.252
6.212000,0.4770,-0.8616,0.2271,1.011
6.219000,0.4185,-0.5319,0.2118,0.709
6.223000,0.4170,-0.2934,0.2679,0.576
6.230000,0.4125,-0.0622,0.3330,0.534
6.233000,0.4122,0.1666,0.3855,0.588
6.238000,0.3920,0.3857,0.4397,0.704
6.243000,0.3879,0.5090,0.5367,0.835
6.250000,0.4811,0.6512,0.5498,0.979
6.258000,0.6120,0.8221,0.6273,1.202
6.259000,0.7496,0.9115,0.7619,1.405
6.269000,0.8847,1.0799,0.8577,1.638
6.270000,1.0222,1.3008,1.1228,1.999
6.282000,1.1144,1.4569,1.4714,2.351
6.283000,1.1737,1.5793,1.7837,2.656
6.283000,1.1525,1.7444,1.9286,2.844
6.289000,1.1033,1.9282,1.9756,2.973
6.294000,1.0761,2.0902,1.9606,3.061
6.299000,1.0944,2.2830,1.9459,3.193
6.304000,1.1507,2.4229,1.9290,3.304
6.310000,1.2327,2.5434,1.7975,3.349
6.315000,1.3140,2.6231,1.5678,3.326
6.321000,1.3273,2.7319,1.3589,3.327
6.324000,1.4545,2.8435,1.1392,3.391
6.331000,1.5828,2.9272,0.9461,3.460
6.336000,1.6239,2.8853,0.7596,3.397
6.340000,1.5636,2.7754,0.5408,3.231
6.345000,1.3566,2.6198,0.3893,2.976
6.351000,1.1254,2.5381,0.2615,2.789
6.357000,0.9062,2.5329,0.5950,2.755
6.360000,0.7089,2.6633,1.4337,3.107
6.365000,0.4622,2.8731,2.4590,3.810
6.391000,0.2835,3.1780,3.0249,4.397
6.392000,-0.0164,3.4769,2.7958,4.462
6.392000,-0.3149,3.6813,1.9875,4.195
6.393000,-0.4801,3.9113,1.1433,4.103
6.393000,-0.5767,4.0306,0.5789,4.113
6.396000,-0.5952,3.9837,0.1514,4.031
6.401000,-0.5672,3.7659,-0.3784,3.827
6.406000,-0.4716,3.2629,-1.0298,3.454
6.411000,-0.3038,2.6975,-1.5444,3.123
6.417000,-0.3010,2.1848,-2.0283,2.996
6.421000,-0.5110,1.7969,-2.6330,3.228
6.426000,-0.7888,1.2564,-3.1244,3.459
6.433000,-0.9049,0.5613,-3.3953,3.558
6.438000,-0.8453,0.0250,-3.5010,3.602
6.441000,-0.6529,-0.2856,-3.1330,3.213
6.446000,-0.4587,-0.4907,-2.3103,2.406
6.453000,-0.2358,-0.6005,-1.2673,1.422
6.459000,-0.0435,-0.6872,-0.4145,0.804
6.462000,-0.0327,-0.6582,0.0534,0.661
6.467000,-0.2843,-0.4492,-0.0828,0.538
6.475000,-0.5207,-0.0410,-0.5004,0.723
6.477000,-0.8091,0.3637,-0.9491,1.299
6.482000,-1.1137,0.7580,-1.1504,1.771
6.503000,-1.2426,1.1063,-1.1479,2.021
6.504000,-1.3684,1.4157,-0.9800,2.199
6.504000,-1.4101,1.6212,-0.7558,2.278
6.505000,-1.2819,1.7729,-0.6421,2.280
6.507000,-1.1089,1.7676,-0.5588,2.160
6.514000,-0.8027,1.7657,-0.5321,2.011
6.517000,-0.4059,1.6910,-0.5985,1.839
6.521000,-0.0690,1.4742,-0.7917,1.675
6.527000,0.1766,1.2716,-0.8851,1.559
6.534000,0.3239,1.0043,-1.0492,1.488
6.538000,0.3614,0.6920,-1.1917,1.425
6.542000,0.3534,0.3661,-1.3131,1.408
6.548000,0.3114,0.0243,-1.3323,1.368
6.553000,0.3143,-0.3072,-1.4024,1.470
6.559000,0.3475,-0.6570,-1.4829,1.659
6.563000,0.3990,-0.9413,-1.6049,1.903
6.570000,0.4880,-1.2488,-1.6990,2.164
6.575000,0.5188,-1.5505,-1.7438,2.390
6.581000,0.5178,-1.8107,-1.8352,2.630
6.582000,0.5188,-2.0317,-1.9664,2.875
6.604000,0.5294,-2.3140,-2.0031,3.106
6.605000,0.4086,-2.5044,-2.0555,3.266
6.605000,0.3072,-2.7011,-2.1313,3.454
6.605000,0.2201,-2.9138,-2.1917,3.653
6.608000,0.2024,-3.0752,-2.1557,3.761
6.614000,0.1989,-3.1162,-2.0615,3.742
6.618000,0.1596,-3.0945,-2.0141,3.696
6.624000,0.2211,-3.1944,-1.9439,3.746
6.628000,0.2566,-3.2651,-1.8844,3.779
6.635000,0.2710,-3.2326,-1.7997,3.710
6.638000,0.2884,-3.1878,-1.6608,3.606
6.643000,0.2951,-3.1549,-1.6518,3.573
6.649000,0.2144,-3.1578,-1.7008,3.593
6.656000,0.1254,-3.1007,-1.7431,3.559
6.659000,-0.0463,-3.0339,-1.7788,3.517
6.665000,-0.2048,-3.0316,-1.7816,3.522
6.669000,-0.3076,-3.0409,-1.7733,3.534
6.675000,-0.3522,-2.9568,-1.6843,3.421
6.679000,-0.4107,-2.9083,-1.4861,3.292
6.685000,-0.4113,-2.7735,-1.3010,3.091
6.700000,-0.4141,-2.6769,-1.0592,2.909
6.701000,-0.4407,-2.5610,-0.7637,2.709
6.701000,-0.4241,-2.4498,-0.4784,2.532
6.704000,-0.4028,-2.3338,-0.2323,2.380
6.710000,-0.4031,-2.1986,-0.0516,2.236
6.716000,-0.3723,-2.0658,0.0472,2.100
6.720000,-0.4131,-1.9090,0.0853,1.955
6.724000,-0.4682,-1.7593,0.0724,1.822
6.730000,-0.5375,-1.5806,0.0706,1.671
6.736000,-0.6236,-1.4306,0.1110,1.565
6.740000,-0.6930,-1.2662,0.2562,1.466
6.746000,-0.7480,-1.0420,0.3603,1.332
6.750000,-0.8150,-0.7680,0.5649,1.254
6.758000,-0.9012,-0.5277,0.6854,1.249
6.767000,-0.8944,-0.2615,0.7918,1.223
6.769000,-0.8760,0.1263,0.9319,1.285
6.770000,-0.9081,0.4777,1.0861,1.494
6.782000,-0.9046,0.8695,1.1850,1.726
6.783000,-0.8965,1.2511,1.2888,2.008
6.786000,-0.9488,1.6205,1.3658,2.322
6.793000,-0.9156,2.0182,1.5001,2.676
6.797000,-0.9165,2.3148,1.7589,3.048
6.801000,-0.8650,2.5152,1.8838,3.259
6.806000,-0.9045,2.6720,1.9638,3.437
6.812000,-0.9726,2.8379,1.8675,3.534
6.817000,-0.9898,2.9412,1.7621,3.569
6.822000,-1.0416,2.9991,1.6015,3.556
6.828000,-1.0635,2.9136,1.5072,3.448
6.832000,-1.0628,2.7166,1.4064,3.238
6.838000,-0.8701,2.6453,1.4920,3.159
6.842000,-0.5601,2.5109,1.7420,3.107
6.846000,-0.2817,2.3634,2.0178,3.120
6.851000,-0.0425,2.3583,2.1448,3.188
6.857000,0.1046,2.3330,2.4414,3.378
6.862000,0.2409,2.3466,2.8392,3.691
6.867000,0.4620,2.4605,3.0245,3.926
6.878000,0.5499,2.5350,2.7860,3.807
6.879000,0.4422,2.6999,2.1016,3.450
6.884000,0.1957,3.0085,1.3436,3.301
6.888000,0.1516,3.3629,0.9441,3.496
6.896000,0.4274,3.7151,0.7668,3.817
6.897000,0.7155,4.1743,0.7602,4.303
6.902000,0.8815,4.3260,0.7409,4.477
6.907000,0.9867,4.3116,0.4389,4.445
6.912000,0.9434,4.1621,0.0320,4.268
6.918000,0.8714,3.6983,-0.5636,3.841
6.922000,0.7927,3.1958,-1.2593,3.525
6.928000,0.7690,2.6932,-1.8618,3.363
6.933000,0.8072,2.1214,-2.2115,3.169
6.938000,0.9314,1.5260,-2.2779,2.896
6.943000,1.0722,0.9069,-2.0656,2.498
6.948000,1.1700,0.3066,-1.6910,2.079
6.952000,1.2728,-0.2111,-1.3779,1.888
6.958000,1.2367,-0.6969,-1.2950,1.922
6.963000,1.1285,-1.1460,-1.4158,2.143
6.968000,1.0172,-1.3858,-1.6115,2.356
6.975000,0.8348,-1.4759,-1.6823,2.389
6.979000,0.5737,-1.4133,-1.6417,2.241
6.983000,0.2569,-1.2241,-1.4427,1.909
6.991000,0.0225,-0.9107,-1.2653,1.559
6.993000,-0.0205,-0.5619,-1.0710,1.210
7.000000,0.0725,-0.1371,-0.9386,0.951
7.003000,0.2371,0.2629,-0.9732,1.036
7.009000,0.3688,0.6671,-1.0883,1.329
7.015000,0.3626,0.9412,-1.2481,1.605
7.020000,0.3195,1.2029,-1.3186,1.813
7.024000,0.3521,1.3970,-1.2616,1.915
7.029000,0.4320,1.5021,-1.1896,1.964
7.034000,0.5043,1.5158,-1.1598,1.974
7.040000,0.6057,1.4622,-1.0696,1.910
7.045000,0.6145,1.3343,-0.9478,1.748
7.050000,0.5576,1.0868,-0.9262,1.533
7.054000,0.4925,0.7822,-0.9286,1.310
7.061000,0.3379,0.4470,-0.9383,1.093
7.065000,0.1796,0.1340,-1.0561,1.080
7.069000,0.0631,-0.2789,-1.1741,1.208
7.082000,-0.1006,-0.7173,-1.1753,1.381
7.083000,-0.2494,-1.0830,-1.2681,1.686
7.084000,-0.3404,-1.4073,-1.3688,1.992
7.090000,-0.4123,-1.7259,-1.4774,2.309
7.095000,-0.4771,-2.0843,-1.5103,2.618
7.101000,-0.5970,-2.4944,-1.5539,2.999
7.105000,-0.6739,-2.7936,-1.5264,3.254
7.110000,-0.6701,-2.9986,-1.5838,3.457
7.116000,-0.6907,-3.2101,-1.6088,3.656
7.122000,-0.6759,-3.3848,-1.6110,3.809
7.126000,-0.6114,-3.5183,-1.6334,3.927
7.130000,-0.5355,-3.5387,-1.6567,3.944
7.136000,-0.5726,-3.5277,-1.6689,3.944
7.141000,-0.5552,-3.4708,-1.6557,3.885
7.146000,-0.5239,-3.3657,-1.6483,3.784
7.150000,-0.3951,-3.2485,-1.6298,3.656
7.158000,-0.3506,-3.1933,-1.5260,3.556
7.166000,-0.3685,-3.0707,-1.4878,3.432
7.167000,-0.3819,-2.9026,-1.4362,3.261
7.185000,-0.4245,-2.7583,-1.3327,3.093
7.186000,-0.3432,-2.6234,-1.1872,2.900
7.186000,-0.2147,-2.4833,-0.9403,2.664
7.186000,-0.0915,-2.3622,-0.6325,2.447
7.192000,0.0669,-2.2696,-0.3903,2.304
7.196000,0.1910,-2.1364,-0.1943,2.154
7.202000,0.3049,-2.0032,-0.0228,2.026
7.206000,0.3797,-1.8078,0.0763,1.849
7.212000,0.4512,-1.6196,0.0935,1.684
7.217000,0.5457,-1.4218,0.1556,1.531
7.222000,0.6225,-1.2146,0.2673,1.391
7.227000,0.7390,-0.9571,0.4669,1.296
7.232000,0.7853,-0.7141,0.6013,1.220
7.238000,0.8499,-0.5240,0.6275,1.179
7.244000,0.8494,-0.3603,0.6369,1.121
7.247000,0.8772,-0.2567,0.5195,1.051
7.252000,0.8595,-0.2010,0.4118,0.974
7.258000,0.9112,-0.1741,0.2492,0.961
7.262000,0.8770,-0.1544,0.2207,0.917
7.267000,0.7790,-0.1802,0.2474,0.837
7.284000,0.7964,-0.2322,0.2786,0.875
7.285000,0.8243,-0.2242,0.4029,0.945
7.285000,0.7979,-0.2617,0.6443,1.058
7.287000,0.8061,-0.2657,0.9191,1.251
7.292000,0.8012,-0.2294,1.1415,1.413
7.298000,0.7209,-0.1695,1.3717,1.559
7.304000,0.6250,-0.1055,1.4690,1.600
7.307000,0.5563,0.0464,1.4959,1.597
7.312000,0.5165,0.1879,1.4834,1.582
7.318000,0.5626,0.3813,1.3909,1.548
7.324000,0.6657,0.5551,1.2872,1.552
7.328000,0.8473,0.7765,1.2458,1.695
7.333000,1.0329,1.0721,1.2637,1.953
7.340000,1.1843,1.3940,1.3476,2.272
7.345000,1.2776,1.7114,1.3607,2.532
7.349000,1.3343,1.9597,1.3382,2.722
7.353000,1.3615,2.1992,1.2010,2.852
7.359000,1.2874,2.4062,1.1278,2.953
7.364000,1.1148,2.6170,1.0605,3.036
7.369000,0.7939,2.8914,1.2431,3.246
7.377000,0.3872,3.2528,1.6929,3.687
7.379000,0.1119,3.5331,2.0117,4.067
7.386000,-0.0923,3.8488,2.1127,4.392
7.402000,-0.2665,4.2452,2.0516,4.723
7.403000,-0.3597,4.6720,1.8455,5.036
7.404000,-0.3806,5.0428,1.6765,5.328
7.404000,-0.4297,5.2427,1.4898,5.467
7.409000,-0.4687,5.2047,1.2097,5.364
7.415000,-0.4621,5.0841,0.8993,5.184
7.420000,-0.2190,4.7565,0.3821,4.777
7.424000,0.0001,4.0687,-0.3435,4.083
7.430000,0.0911,3.4499,-1.2354,3.666
7.436000,0.0163,3.0155,-2.0317,3.636
7.440000,-0.1381,2.6009,-2.6240,3.697
7.446000,-0.3096,1.9483,-2.9708,3.566
7.450000,-0.5179,1.3116,-2.9935,3.309
7.455000,-0.6940,0.7264,-2.7085,2.889
7.460000,-0.8050,0.1706,-2.2326,2.379
7.467000,-0.8849,-0.3323,-1.7657,2.003
7.470000,-0.9606,-0.7755,-1.4102,1.874
7.476000,-1.0061,-1.0371,-1.2471,1.909
7.484000,-1.0313,-1.1315,-1.1832,1.935
7.486000,-1.0672,-0.9797,-0.9991,1.760
7.507000,-1.1138,-0.7181,-0.9203,1.613
7.508000,-1.1444,-0.4090,-0.7962,1.453
7.509000,-1.0920,0.1224,-0.6079,1.256
7.509000,-1.1217,0.6841,-0.3596,1.362
7.510000,-1.1882,1.1178,-0.2109,1.645
7.516000,-1.1100,1.5548,-0.1225,1.914
7.521000,-0.9396,1.9853,-0.1848,2.204
7.527000,-0.7268,2.3425,-0.3115,2.472
7.530000,-0.4903,2.4877,-0.4956,2.584
7.536000,-0.2368,2.4452,-0.6488,2.541
7.540000,0.0670,2.2753,-0.6827,2.376
7.547000,0.3401,1.9735,-0.6246,2.098
7.551000,0.4945,1.6045,-0.5462,1.766
7.557000,0.5659,1.1998,-0.4192,1.391
7.561000,0.5684,0.7187,-0.4637,1.027
7.567000,0.5785,0.2020,-0.4908,0.785
7.571000,0.5576,-0.2470,-0.6563,0.896
7.578000,0.5942,-0.6261,-0.8120,1.185
7.582000,0.6714,-1.0189,-0.9629,1.554
7.586000,0.6601,-1.3895,-1.1045,1.894
7.603000,0.5989,-1.7043,-1.3111,2.232
7.604000,0.5953,-2.0328,-1.3984,2.538
7.605000,0.5250,-2.2767,-1.4649,2.758
7.607000,0.4812,-2.4555,-1.5175,2.926
7.613000,0.4279,-2.6408,-1.5733,3.104
7.616000,0.3747,-2.7992,-1.6539,3.273
7.625000,0.3691,-2.8995,-1.6516,3.357
7.627000,0.3154,-2.9849,-1.6243,3.413
7.632000,0.2497,-3.0480,-1.6987,3.498
7.637000,0.2507,-3.0891,-1.7072,3.538
7.642000,0.2467,-3.0674,-1.6905,3.511
7.649000,0.2090,-3.0237,-1.6370,3.445
7.653000,0.2312,-2.9771,-1.5583,3.368
7.661000,0.2151,-2.8441,-1.5048,3.225
7.662000,0.1850,-2.6771,-1.4361,3.044
7.667000,0.1170,-2.5579,-1.3158,2.879
7.695000,0.0423,-2.4312,-1.1966,2.710
7.696000,-0.0461,-2.3213,-1.0111,2.532
7.696000,-0.1577,-2.2640,-0.8406,2.420
7.697000,-0.2898,-2.2332,-0.8015,2.390
7.697000,-0.4546,-2.1932,-0.8075,2.381
7.699000,-0.5715,-2.1389,-0.9042,2.391
7.703000,-0.6072,-2.1298,-0.8841,2.385
7.709000,-0.5593,-2.0630,-0.8340,2.294
7.713000,-0.5087,-2.0007,-0.7442,2.194
7.718000,-0.5082,-1.8639,-0.6315,2.033
7.724000,-0.4979,-1.7413,-0.4315,1.862
7.729000,-0.4781,-1.6282,-0.1963,1.708
7.734000,-0.4555,-1.4936,-0.0216,1.562
7.738000,-0.4210,-1.3257,0.0931,1.394
7.743000,-0.4005,-1.2249,0.0734,1.291
7.750000,-0.4179,-1.1217,0.0606,1.199
7.754000,-0.4184,-0.9921,0.0568,1.078
7.761000,-0.4068,-0.9269,0.1192,1.019
7.763000,-0.4208,-0.8472,0.0778,0.949
7.770000,-0.4627,-0.7576,0.1407,0.899
7.789000,-0.5829,-0.6439,0.1620,0.883
7.790000,-0.6688,-0.5586,0.2851,0.917
7.790000,-0.7134,-0.5186,0.4576,0.994
7.790000,-0.7936,-0.4235,0.6269,1.096
7.794000,-0.7874,-0.2350,0.7192,1.092
7.799000,-0.8408,0.0587,0.6697,1.077
7.804000,-0.9759,0.3046,0.6626,1.218
7.809000,-0.9490,0.4309,0.7024,1.257
7.816000,-0.8102,0.6221,0.7555,1.271
7.819000,-0.7464,0.9571,0.8385,1.475
7.824000,-0.8316,1.2299,1.0785,1.835
7.830000,-0.9314,1.3493,1.2632,2.070
7.834000,-1.0411,1.5903,1.4052,2.364
7.841000,-1.1415,1.7947,1.4644,2.582
7.844000,-1.1700,2.0057,1.3544,2.688
7.851000,-1.2718,2.1709,1.2664,2.817
7.856000,-1.3028,2.3385,1.2258,2.944
7.861000,-1.2224,2.4752,1.1963,3.009
7.865000,-1.0760,2.5069,1.3115,3.027
7.870000,-0.8544,2.5249,1.4201,3.020
7.895000,-0.6062,2.4982,1.5654,3.010
7.896000,-0.3128,2.5058,1.6895,3.038
7.897000,-0.0631,2.5667,1.9387,3.217
7.897000,0.1956,2.6805,2.3092,3.543
7.897000,0.2383,2.7391,2.6364,3.809
7.901000,0.1199,2.9000,2.6223,3.912
7.907000,0.0094,3.0986,2.2387,3.823
7.911000,-0.1182,3.4043,1.7295,3.820
7.915000,-0.1848,3.7622,1.3578,4.004
7.921000,-0.1399,4.1697,1.1379,4.324
7.926000,0.0533,4.6216,0.9913,4.727
7.932000,0.3426,4.9168,0.7796,4.990
7.936000,0.5567,4.9260,0.4148,4.975
7.941000,0.8784,4.6997,-0.2320,4.787
7.946000,1.1079,4.2674,-1.1066,4.546
7.953000,1.1691,3.8142,-1.9659,4.447
7.961000,1.1460,3.3095,-2.6127,4.370
7.966000,1.1274,2.5432,-2.9639,4.065
7.968000,1.2234,1.7285,-2.9173,3.605
7.989000,1.3357,0.9751,-2.3407,2.866
7.990000,1.4655,0.3065,-1.6072,2.197
7.991000,1.5343,-0.3840,-0.9154,1.827
7.991000,1.5276,-0.9992,-0.5238,1.899
7.992000,1.3058,-1.4272,-0.5628,2.015
7.997000,1.0616,-1.7062,-0.8195,2.170
8.002000,0.7968,-1.7924,-1.1039,2.251
8.008000,0.4674,-1.7308,-1.2837,2.205
8.012000,0.1998,-1.5358,-1.2063,1.963
8.017000,0.0574,-1.1498,-1.0541,1.561
8.022000,0.0184,-0.7313,-0.9298,1.183
8.027000,0.1399,-0.2826,-0.9075,0.961
8.033000,0.2400,0.0933,-0.8983,0.934
8.038000,0.3378,0.4491,-0.9408,1.096
8.043000,0.4481,0.7777,-1.1448,1.455
8.048000,0.5112,1.0219,-1.2258,1.676
8.054000,0.5565,1.1960,-1.3322,1.875
8.060000,0.6272,1.2789,-1.2826,1.917
8.068000,0.6353,1.2464,-1.0907,1.774
8.069000,0.6363,1.1223,-0.8905,1.568
8.089000,0.6953,1.0146,-0.7536,1.442
8.090000,0.7120,0.8203,-0.8142,1.357
8.090000,0.6580,0.5590,-0.9409,1.277
8.090000,0.5813,0.3100,-1.0963,1.279
8.093000,0.4727,0.0162,-1.1921,1.282
8.098000,0.3316,-0.3486,-1.3367,1.421
8.103000,0.2346,-0.7004,-1.3603,1.548
8.108000,0.1265,-1.0176,-1.3349,1.683
8.113000,0.0954,-1.3100,-1.3658,1.895
8.119000,0.0265,-1.6447,-1.3378,2.120
8.124000,-0.0470,-1.9523,-1.2914,2.341
8.128000,-0.1011,-2.1992,-1.3034,2.558
8.134000,-0.1814,-2.4455,-1.3043,2.777
8.139000,-0.2664,-2.5953,-1.2942,2.912
8.144000,-0.3039,-2.7015,-1.2205,2.980
8.149000,-0.2627,-2.7665,-1.2121,3.032
8.156000,-0.2099,-2.8479,-1.2188,3.105
8.162000,-0.1861,-2.8596,-1.1903,3.103
8.168000,-0.2224,-2.8278,-1.2223,3.089
8.169000,-0.2539,-2.7886,-1.2240,3.056
8.190000,-0.2811,-2.6844,-1.2003,2.954
8.192000,-0.3325,-2.5728,-1.1848,2.852
8.192000,-0.3149,-2.4538,-1.1511,2.729
8.192000,-0.2929,-2.3034,-1.0611,2.553
8.196000,-0.2495,-2.1553,-0.9694,2.376
8.200000,-0.2281,-2.0693,-0.8332,2.242
8.204000,-0.1832,-1.9520,-0.7838,2.111
8.210000,-0.1792,-1.8467,-0.6631,1.970
8.216000,-0.1422,-1.7103,-0.5955,1.817
8.220000,-0.0602,-1.5955,-0.5332,1.683
8.225000,0.0211,-1.4974,-0.4449,1.562
8.230000,0.0709,-1.3970,-0.3664,1.446
8.235000,0.1703,-1.2990,-0.3194,1.349
8.242000,0.3241,-1.1748,-0.2701,1.248
8.245000,0.4988,-1.0578,-0.2116,1.189
8.251000,0.6301,-0.9169,-0.1800,1.127
8.257000,0.7180,-0.7592,-0.1010,1.050
8.260000,0.7554,-0.6159,-0.0535,0.976
8.266000,0.7448,-0.5612,-0.0278,0.933
8.271000,0.7125,-0.4897,-0.0791,0.868
8.279000,0.6274,-0.4375,-0.1972,0.790
8.294000,0.5782,-0.4235,-0.3345,0.791
8.295000,0.4929,-0.4070,-0.3764,0.742
8.295000,0.4171,-0.4047,-0.4257,0.720
8.308000,0.4127,-0.4094,-0.3964,0.704
8.309000,0.4748,-0.4116,-0.2982,0.696
8.309000,0.4982,-0.3659,-0.1093,0.628
8.310000,0.5979,-0.2484,-0.0545,0.650
8.317000,0.5991,-0.0881,0.0743,0.610
8.321000,0.5741,0.0649,0.2747,0.640
8.325000,0.5396,0.2154,0.4699,0.747
8.331000,0.4576,0.3872,0.6100,0.855
8.337000,0.4404,0.6064,0.8008,1.097
8.341000,0.4665,0.8490,0.8723,1.304
8.347000,0.4974,1.0503,0.8295,1.428
8.352000,0.5211,1.1674,0.8161,1.517
8.363000,0.5733,1.3153,0.7862,1.636
8.363000,0.6948,1.4870,0.7157,1.791
8.366000,0.8135,1.6227,0.7429,1.961
8.373000,0.9101,1.7061,0.6711,2.047
8.379000,1.0179,1.8520,0.5983,2.196
8.382000,1.0485,1.9865,0.5309,2.308
8.386000,1.0691,2.1198,0.4272,2.412
8.412000,1.0557,2.1826,0.4181,2.460
8.412000,1.0131,2.1946,0.4908,2.466
8.413000,0.9032,2.1702,0.5398,2.412
8.413000,0.7355,2.1840,0.6030,2.382
8.413000,0.3933,2.2477,0.8409,2.432
8.419000,0.0356,2.4639,1.5342,2.903
8.422000,-0.2472,2.8046,2.7309,3.922
8.428000,-0.3176,3.0218,3.5387,4.664
8.433000,-0.2578,3.2154,3.3619,4.659
8.438000,-0.1730,3.3548,2.3511,4.100
8.444000,-0.0928,3.5294,1.1132,3.702
8.448000,-0.0472,3.6421,0.1798,3.647
8.453000,-0.0049,3.3437,-0.3613,3.363
8.462000,0.1336,2.9338,-0.7136,3.022
8.466000,0.2337,2.5057,-0.5780,2.582
8.468000,0.2360,2.0158,-0.2053,2.040
8.473000,0.1097,1.5519,0.1785,1.566
8.496000,-0.0632,1.1900,0.2707,1.222
8.497000,-0.3163,0.8004,0.0773,0.864
8.497000,-0.4945,0.3758,-0.1932,0.650
8.498000,-0.5796,0.0313,-0.4284,0.721
8.498000,-0.4834,-0.2521,-0.6889,0.879
8.504000,-0.3325,-0.5196,-1.0401,1.209
8.508000,-0.2818,-0.7611,-1.4086,1.626
8.513000,-0.3426,-1.0697,-1.7208,2.055
8.520000,-0.6125,-1.3494,-1.8648,2.382
8.523000,-0.9572,-1.4686,-1.8743,2.566
8.528000,-1.2027,-1.4970,-1.6488,2.531
8.534000,-1.3258,-1.4711,-1.2572,2.346
8.540000,-1.4055,-1.3385,-0.8663,2.125
8.544000,-1.4398,-1.1716,-0.4971,1.922
8.550000,-1.4336,-0.8798,-0.3235,1.713
8.554000,-1.4589,-0.5039,-0.3382,1.580
8.563000,-1.4466,-0.1058,-0.4504,1.519
8.565000,-1.3368,0.3121,-0.5841,1.492
8.569000,-1.2421,0.6976,-0.7038,1.589
8.593000,-1.0572,1.0246,-0.8891,1.720
8.594000,-0.8995,1.3195,-1.0058,1.887
8.594000,-0.7212,1.5276,-1.0761,2.003
8.595000,-0.5246,1.6873,-1.0044,2.032
8.595000,-0.2807,1.7629,-0.9417,2.018
8.601000,-0.0923,1.6994,-0.9024,1.926
8.605000,-0.0044,1.5977,-0.9180,1.843
8.609000,0.0452,1.4149,-0.9576,1.709
8.614000,0.0277,1.1679,-1.0188,1.550
8.622000,0.0125,0.8880,-1.1116,1.423
8.625000,0.0233,0.5611,-1.1597,1.289
8.630000,-0.0192,0.2280,-1.2757,1.296
8.636000,0.0025,-0.0110,-1.3088,1.309
8.640000,0.0526,-0.2730,-1.3715,1.399
8.646000,0.0142,-0.5724,-1.4164,1.528
8.651000,-0.0095,-0.8373,-1.4529,1.677
8.656000,-0.0044,-1.0964,-1.4309,1.803
8.662000,-0.0063,-1.3595,-1.3958,1.948
8.671000,-0.0081,-1.5453,-1.3975,2.083
8.672000,-0.0431,-1.6682,-1.4360,2.202
8.695000,-0.0514,-1.7714,-1.4683,2.301
8.696000,-0.0475,-1.8309,-1.4537,2.338
8.696000,-0.0745,-1.8828,-1.4474,2.376
8.697000,-0.0747,-1.8480,-1.4371,2.342
8.697000,-0.0915,-1.8369,-1.3561,2.285
8.701000,-0.0313,-1.8375,-1.2085,2.200
8.706000,-0.0353,-1.8093,-1.1499,2.144
8.711000,-0.0318,-1.7883,-1.0963,2.098
8.716000,-0.0110,-1.7410,-1.0690,2.043
8.723000,-0.0737,-1.7010,-1.0871,2.020
8.726000,-0.1072,-1.6899,-1.0453,1.990
8.731000,-0.1165,-1.6644,-1.0559,1.975
8.737000,-0.1185,-1.5981,-0.9761,1.876
8.742000,-0.1205,-1.5268,-0.9140,1.784
8.747000,-0.1893,-1.4647,-0.7116,1.639
8.752000,-0.2029,-1.4146,-0.5865,1.545
8.757000,-0.2214,-1.2902,-0.5264,1.411
8.763000,-0.2901,-1.1946,-0.5048,1.329
8.768000,-0.3228,-1.0822,-0.4766,1.226
8.773000,-0.3506,-0.9673,-0.4346,1.117
8.780000,-0.4258,-0.8547,-0.4195,1.043
8.783000,-0.4844,-0.7900,-0.4047,1.011
8.787000,-0.5382,-0.7779,-0.3328,1.003
8.810000,-0.6208,-0.7704,-0.3763,1.059
8.811000,-0.6316,-0.8129,-0.4944,1.142
8.811000,-0.7192,-0.8958,-0.6680,1.329
8.811000,-0.7329,-0.9949,-0.7635,1.453
8.812000,-0.7420,-1.0766,-0.8052,1.536
8.818000,-0.7058,-1.0859,-0.7763,1.510
8.823000,-0.6238,-1.0876,-0.6264,1.402
8.828000,-0.5939,-1.0579,-0.4439,1.292
8.833000,-0.6469,-0.9659,-0.1735,1.175
8.838000,-0.7091,-0.8716,-0.0352,1.124
8.843000,-0.8019,-0.7487,0.0145,1.097
8.848000,-0.8584,-0.5733,0.0113,1.032
8.853000,-0.9124,-0.3428,0.0124,0.975
8.859000,-0.9711,-0.1124,-0.0922,0.982
8.865000,-0.9345,0.0916,-0.1112,0.946
8.869000,-0.8791,0.3314,-0.0396,0.940
8.873000,-0.8551,0.5256,0.0748,1.007
8.879000,-0.9129,0.6404,0.1656,1.127
8.885000,-0.9519,0.7068,0.2262,1.207
8.888000,-1.0248,0.7558,0.1373,1.281
8.910000,-1.0956,0.7516,-0.0963,1.332
8.911000,-1.1448,0.7327,-0.4578,1.434
8.912000,-1.1622,0.7137,-0.7516,1.557
8.912000,-1.1807,0.6948,-0.9377,1.660
8.913000,-1.1165,0.6690,-1.0382,1.665
8.919000,-0.9408,0.6989,-0.9364,1.500
8.925000,-0.6922,0.6934,-0.6952,1.201
8.929000,-0.4261,0.6695,-0.3888,0.884
8.933000,-0.1977,0.6965,-0.0796,0.728
8.939000,-0.0385,0.7674,0.1890,0.791
8.944000,0.1110,0.9585,0.5801,1.126
8.950000,0.2699,1.2383,1.1827,1.734
8.955000,0.4594,1.4843,1.7009,2.304
8.961000,0.5359,1.6794,1.8341,2.544
8.966000,0.4249,1.8911,1.4312,2.409
8.970000,0.2163,2.1603,0.7981,2.313
8.981000,0.0676,2.6312,0.4700,2.674
8.982000,0.0310,3.1503,0.4633,3.184
8.988000,0.0897,3.6574,0.6106,3.709
8.992000,0.1797,4.1377,0.8726,4.232
9.006000,0.2491,4.5380,1.1615,4.691
9.007000,0.3227,4.6978,1.1553,4.849
9.008000,0.2769,4.5764,0.8859,4.670
9.010000,0.1668,4.1695,0.4468,4.197
9.016000,0.1859,3.5210,-0.1532,3.529
9.021000,0.3585,2.9664,-0.6635,3.061
9.030000,0.6963,2.5371,-0.9943,2.813
9.031000,1.0853,1.9627,-1.0142,2.461
9.035000,1.3876,1.3174,-0.6803,2.031
9.040000,1.6449,0.7586,-0.1282,1.816
9.046000,1.7038,0.2397,0.3113,1.749
9.051000,1.6265,-0.2398,0.1994,1.656
9.056000,1.5343,-0.6059,-0.3409,1.684
9.063000,1.3596,-0.9565,-1.1019,1.994
9.068000,1.1451,-1.2572,-1.7717,2.456
9.073000,0.9456,-1.3708,-2.1776,2.741
9.093000,0.7893,-1.3570,-2.1486,2.661
9.095000,0.5963,-1.1991,-1.7739,2.223
9.095000,0.5241,-0.8951,-1.2163,1.599
9.095000,0.5458,-0.4742,-0.6425,0.967
9.096000,0.5825,-0.0282,-0.3170,0.664
9.102000,0.6345,0.4285,-0.1815,0.787
9.107000,0.6227,0.8265,-0.1858,1.051
9.112000,0.5692,1.2116,-0.3877,1.394
9.117000,0.5293,1.5218,-0.5407,1.700
9.122000,0.5346,1.7214,-0.6383,1.912
9.128000,0.4704,1.8634,-0.6831,2.040
9.132000,0.4210,1.9261,-0.6560,2.078
9.137000,0.3505,1.8954,-0.6453,2.033
9.142000,0.3212,1.7760,-0.6677,1.924
9.148000,0.3116,1.5729,-0.6874,1.745
9.152000,0.2833,1.2600,-0.7572,1.497
9.160000,0.1670,0.9404,-0.8129,1.254
9.162000,0.0679,0.6072,-0.8788,1.070
9.169000,-0.0404,0.2101,-0.9285,0.953
9.173000,-0.1150,-0.1741,-0.9527,0.975
9.178000,-0.1870,-0.5025,-1.0015,1.136
9.183000,-0.2543,-0.8398,-1.0366,1.358
9.189000,-0.2785,-1.1834,-1.0628,1.615
9.200000,-0.2214,-1.4329,-1.1451,1.848
9.202000,-0.2241,-1.6937,-1.0941,2.029
9.203000,-0.1933,-1.8916,-1.0797,2.187
9.232000,-0.1145,-2.0388,-0.9967,2.272
9.233000,-0.0639,-2.1376,-0.9695,2.348
9.234000,-0.0463,-2.2243,-0.9591,2.423
9.234000,-0.0401,-2.2655,-1.0755,2.508
9.235000,-0.0100,-2.2300,-1.1966,2.531
9.235000,-0.0042,-2.1345,-1.3110,2.505
9.239000,0.0062,-2.0098,-1.2399,2.362
9.243000,0.0194,-1.8106,-1.1703,2.156
9.249000,-0.0344,-1.6471,-1.0922,1.977
9.254000,-0.1048,-1.4883,-0.9166,1.751
9.260000,-0.1611,-1.3201,-0.6744,1.491
9.263000,-0.1697,-1.1402,-0.5279,1.268
9.270000,-0.1065,-0.9655,-0.4722,1.080
9.273000,-0.0318,-0.8581,-0.3685,0.934
9.279000,0.0569,-0.6912,-0.2670,0.743
9.284000,0.1786,-0.5843,-0.1296,0.625
9.290000,0.3336,-0.5015,-0.0544,0.605
9.296000,0.4263,-0.4191,-0.0459,0.600
9.299000,0.5164,-0.3726,-0.0206,0.637
9.303000,0.5609,-0.3621,-0.0504,0.670
9.332000,0.6075,-0.3180,-0.0684,0.689
9.333000,0.6491,-0.2524,-0.1079,0.705
9.334000,0.7455,-0.2563,-0.1332,0.799
9.334000,0.7934,-0.2672,-0.1251,0.846
9.334000,0.7763,-0.2805,-0.1219,0.834
9.334000,0.8089,-0.3103,-0.1262,0.876
9.340000,0.7814,-0.3759,-0.1857,0.887
9.345000,0.8204,-0.4558,-0.2547,0.972
9.350000,0.8157,-0.5189,-0.3786,1.038
9.355000,0.7482,-0.6345,-0.5192,1.110
9.359000,0.6970,-0.7713,-0.6623,1.233
9.364000,0.7005,-0.8408,-0.7458,1.324
9.371000,0.6152,-0.8645,-0.7773,1.315
9.376000,0.5919,-0.9021,-0.7642,1.322
9.380000,0.5706,-0.8220,-0.6754,1.207
9.386000,0.5489,-0.6674,-0.5231,1.010
9.391000,0.5751,-0.4578,-0.3859,0.830
9.397000,0.5726,-0.2673,-0.2231,0.670
9.401000,0.5439,-0.0002,-0.0299,0.545
9.406000,0.5419,0.2907,0.0741,0.619
9.432000,0.5188,0.5669,0.1084,0.776
9.433000,0.5060,0.8117,0.2288,0.983
9.433000,0.4888,1.0897,0.2582,1.222
9.433000,0.4196,1.3288,0.3048,1.426
9.433000,0.3534,1.4907,0.3330,1.568
9.435000,0.2996,1.5898,0.3094,1.647
9.441000,0.3346,1.6501,0.2127,1.697
9.446000,0.4245,1.6142,0.1385,1.675
9.451000,0.4713,1.5207,-0.0692,1.594
9.456000,0.4556,1.4513,-0.1739,1.531
9.460000,0.3870,1.3465,-0.2098,1.417
9.466000,0.3273,1.3020,-0.1506,1.351
9.471000,0.2882,1.1908,-0.0014,1.225
9.480000,0.2699,1.1208,0.1807,1.167
9.481000,0.2271,1.0460,0.2260,1.094
9.486000,0.1145,0.9571,0.1419,0.974
9.513000,-0.0460,0.8805,-0.1148,0.889
9.514000,-0.2089,0.8309,-0.3961,0.944
9.514000,-0.4293,0.8298,-0.5256,1.072
9.515000,-0.5588,0.9133,-0.3957,1.141
9.515000,-0.5187,0.9971,-0.1808,1.138
9.517000,-0.4575,1.1646,0.0625,1.253
9.522000,-0.3821,1.3506,0.1916,1.417
9.530000,-0.3476,1.6244,0.1565,1.669
9.532000,-0.3391,1.8810,-0.0527,1.912
9.539000,-0.3159,2.1036,-0.2566,2.143
9.543000,-0.3139,2.2708,-0.4434,2.335
9.547000,-0.3453,2.3612,-0.5269,2.444
9.553000,-0.3146,2.4394,-0.5907,2.530
9.558000,-0.2529,2.4984,-0.6258,2.588
9.562000,-0.2872,2.4783,-0.6250,2.572
9.568000,-0.2330,2.4104,-0.5761,2.489
9.574000,-0.0958,2.3327,-0.3783,2.365
9.579000,0.1081,2.1852,-0.3352,2.213
9.585000,0.2832,1.9227,-0.3464,1.974
9.590000,0.2935,1.6218,-0.4740,1.715
9.609000,0.1295,1.4982,-0.6823,1.651
9.611000,-0.1776,1.2908,-0.8614,1.562
9.611000,-0.4031,0.9570,-1.0764,1.496
9.612000,-0.4758,0.6524,-1.2314,1.473
9.613000,-0.6305,0.3410,-1.3094,1.493
9.618000,-0.6970,-0.0468,-1.4372,1.598
9.623000,-0.7067,-0.3721,-1.5716,1.763
9.630000,-0.7669,-0.6062,-1.6912,1.953
9.634000,-0.7505,-0.8210,-1.7935,2.110
9.639000,-0.7365,-0.8969,-1.7782,2.123
9.644000,-0.7794,-0.9107,-1.7195,2.096
9.649000,-0.7856,-0.8745,-1.6748,2.046
9.655000,-0.7624,-0.7620,-1.5339,1.875
9.659000,-0.7434,-0.5687,-1.3373,1.632
9.664000,-0.7067,-0.3091,-1.2550,1.473
9.669000,-0.6454,0.0119,-1.1935,1.357
9.675000,-0.6600,0.3441,-1.1647,1.382
9.681000,-0.6763,0.6754,-1.1111,1.466
9.684000,-0.6685,0.9747,-1.1116,1.623
9.689000,-0.5410,1.3091,-1.1688,1.836
9.714000,-0.4855,1.5065,-1.2468,2.015
9.715000,-0.4709,1.5527,-1.1569,1.993
9.715000,-0.3582,1.6492,-1.2610,2.107
9.716000,-0.2649,1.7025,-1.2812,2.147
9.716000,-0.1983,1.6410,-1.2658,2.082
9.720000,-0.1752,1.5966,-1.1671,1.985
9.725000,-0.0855,1.4736,-1.1600,1.877
9.735000,-0.0082,1.3222,-1.1391,1.745
9.735000,0.0232,1.1690,-1.1402,1.633
9.740000,0.0471,1.0067,-1.0943,1.488
9.745000,0.0923,0.8019,-1.0539,1.327
9.750000,0.0872,0.5713,-1.0739,1.220
9.757000,0.1036,0.3676,-1.1759,1.236
9.761000,0.1319,0.2099,-1.3094,1.333
9.766000,0.1271,0.0671,-1.4339,1.441
9.770000,0.0962,-0.1348,-1.5618,1.571
9.775000,0.0705,-0.2832,-1.5616,1.589
9.780000,0.0550,-0.4260,-1.5676,1.625
9.786000,0.0183,-0.5059,-1.4814,1.566
9.790000,0.0156,-0.5852,-1.3271,1.450
9.797000,0.0207,-0.6545,-1.2429,1.405
9.803000,-0.0335,-0.6495,-1.1377,1.310
9.807000,-0.0989,-0.6586,-1.0280,1.225
9.826000,-0.1351,-0.6342,-0.9857,1.180
9.828000,-0.1992,-0.6338,-0.9890,1.191
9.828000,-0.2123,-0.6333,-0.9946,1.198
9.828000,-0.2416,-0.5922,-0.9262,1.126
9.831000,-0.2799,-0.5438,-0.9298,1.113
9.837000,-0.3441,-0.4859,-0.9000,1.079
9.841000,-0.4270,-0.4807,-0.8536,1.069
9.846000,-0.5237,-0.4491,-0.8575,1.101
9.852000,-0.6106,-0.4271,-0.8901,1.161
9.857000,-0.6304,-0.4770,-0.9394,1.228
9.861000,-0.6769,-0.4477,-1.0032,1.290
9.866000,-0.6831,-0.3847,-0.9931,1.265
9.872000,-0.6107,-0.3121,-0.9953,1.209
9.879000,-0.5363,-0.1699,-0.9117,1.071
9.882000,-0.4382,-0.0614,-0.6728,0.805
9.887000,-0.3474,0.0471,-0.4534,0.573
9.892000,-0.3402,0.2054,-0.4372,0.591
9.898000,-0.3575,0.5238,-0.6338,0.897
9.904000,-0.3112,1.0021,-0.5525,1.186
9.907000,-0.2091,1.6088,0.0411,1.623
9.927000,-0.0476,2.2017,1.0520,2.441
9.928000,0.0994,2.5963,1.8898,3.213
9.928000,0.0025,2.6564,2.1336,3.407
9.928000,-0.1275,2.3584,1.6602,2.887
9.932000,-0.2165,2.0979,0.6442,2.205
9.938000,-0.3302,2.0649,-0.6142,2.179
9.942000,-0.5233,1.9299,-1.6285,2.579
9.948000,-0.6304,1.4708,-2.2205,2.737
9.953000,-0.5344,0.9110,-2.3721,2.597
9.958000,-0.2880,0.5208,-2.0071,2.093
9.963000,-0.1276,0.1942,-1.3000,1.321
9.968000,-0.0815,-0.1820,-0.5702,0.604
9.973000,-0.1355,-0.5224,-0.1824,0.570
9.981000,-0.2325,-0.8325,-0.2306,0.895
9.983000,-0.3318,-1.0428,-0.5972,1.247
9.987000,-0.3308,-1.2390,-1.1990,1.756
10.017000,-0.3111,-1.3009,-1.6088,2.092
10.018000,-0.2416,-1.2759,-1.7803,2.204
10.018000,-0.2226,-1.2691,-1.7620,2.183
10.019000,-0.2323,-1.2663,-1.5634,2.025
10.019000,-0.3421,-1.1959,-1.3591,1.842
10.019000,-0.4684,-1.0846,-1.2442,1.716
10.024000,-0.5350,-0.9376,-1.0479,1.505
10.028000,-0.5829,-0.7480,-0.8704,1.287
10.033000,-0.5259,-0.4753,-0.7667,1.044
10.040000,-0.4735,-0.2295,-0.7055,0.880
10.044000,-0.4186,0.0828,-0.6440,0.773
10.048000,-0.3971,0.3514,-0.4961,0.726
10.054000,-0.3178,0.6124,-0.3888,0.792
10.060000,-0.2692,0.8084,-0.2816,0.897
10.064000,-0.2539,0.9441,-0.1551,0.990
10.069000,-0.1856,1.0723,-0.1214,1.095
10.074000,-0.2200,1.1616,-0.1589,1.193
10.080000,-0.2304,1.2290,-0.2604,1.277
10.085000,-0.2004,1.1911,-0.4145,1.277
10.090000,-0.1257,1.1078,-0.4776,1.213
10.099000,0.0393,1.0656,-0.4430,1.155
10.101000,0.1701,0.9809,-0.3805,1.066
10.105000,0.2119,0.8200,-0.2805,0.892
10.129000,0.1840,0.6739,-0.1977,0.726
10.130000,0.1511,0.5304,-0.1533,0.572
10.130000,0.1228,0.3463,-0.1518,0.398
10.130000,0.0848,0.1886,-0.1954,0.284
10.130000,0.0895,-0.0075,-0.2504,0.266
10.135000,0.0583,-0.1629,-0.3336,0.376
10.141000,0.1228,-0.3326,-0.3301,0.484
10.145000,0.2188,-0.4162,-0.4078,0.622
10.150000,0.1593,-0.4233,-0.4492,0.637
10.157000,0.1497,-0.5595,-0.4260,0.719
10.166000,0.2785,-0.6693,-0.4335,0.845
10.166000,0.3855,-0.6548,-0.4696,0.893
10.171000,0.4495,-0.6043,-0.4745,0.890
10.176000,0.4680,-0.5061,-0.4460,0.821
10.183000,0.4457,-0.4008,-0.4270,0.736
10.186000,0.4403,-0.2861,-0.4009,0.661
10.190000,0.4326,-0.1619,-0.3461,0.577
10.219000,0.4132,-0.0405,-0.3128,0.520
10.220000,0.3797,0.0353,-0.2434,0.452
10.220000,0.3010,0.1061,-0.1475,0.352
10.220000,0.2633,0.2029,-0.0585,0.337
10.220000,0.2333,0.2659,-0.0436,0.356
10.221000,0.1413,0.3048,0.0169,0.336
10.228000,0.0997,0.3221,0.0105,0.337
10.231000,0.0968,0.3105,-0.0006,0.325
10.236000,0.0559,0.3157,-0.0020,0.321
10.242000,0.0201,0.3328,-0.0368,0.335
10.246000,0.0035,0.3403,-0.0023,0.340
10.251000,-0.0581,0.2928,0.0153,0.299
10.257000,-0.0836,0.2693,0.0450,0.286
10.263000,-0.0729,0.2481,0.0171,0.259
10.267000,-0.0406,0.1863,-0.0058,0.191
10.272000,0.0206,0.1078,0.0336,0.115
10.282000,0.0628,0.0291,-0.0271,0.074
10.283000,0.0409,-0.0162,-0.0515,0.068
10.287000,-0.0307,-0.0188,-0.0919,0.099
10.292000,-0.1307,-0.0359,-0.1582,0.208
10.315000,-0.1178,-0.1080,-0.2126,0.266
10.316000,-0.1170,-0.1394,-0.2524,0.311
10.316000,-0.1187,-0.2019,-0.1462,0.276
10.316000,-0.0777,-0.2095,-0.1281,0.258
10.317000,-0.0724,-0.1888,-0.0856,0.220
10.324000,-0.0886,-0.2259,-0.0782,0.255
10.328000,-0.0835,-0.2081,-0.0871,0.241
10.332000,-0.0883,-0.1666,-0.1316,0.230
10.338000,-0.0599,-0.1659,-0.0945,0.200
10.344000,-0.0102,-0.1892,-0.1125,0.220
10.348000,0.0202,-0.1910,-0.1039,0.218
10.353000,0.0146,-0.2049,-0.0664,0.216
10.359000,0.0830,-0.2116,-0.1365,0.265
10.364000,0.1342,-0.1849,-0.1680,0.284
10.369000,0.1947,-0.1534,-0.1613,0.296
10.374000,0.2359,-0.1243,-0.1595,0.311
10.385000,0.2436,-0.0568,-0.1149,0.275
10.386000,0.2490,-0.0347,-0.0825,0.265
10.388000,0.2450,-0.0317,-0.0313,0.249
10.415000,0.2316,0.0144,-0.0183,0.233
10.416000,0.1825,0.0653,0.0039,0.194
10.416000,0.0998,0.1162,-0.0266,0.156
10.416000,0.0507,0.1218,-0.0453,0.139
10.417000,0.0015,0.0820,0.0529,0.098
10.418000,0.0337,0.1022,0.0024,0.108
10.425000,0.0108,0.1105,0.0165,0.112
10.429000,0.0452,0.0853,-0.0246,0.100
10.434000,0.0653,0.0866,-0.0012,0.108
10.440000,0.0567,0.0473,0.0125,0.075
10.444000,0.1178,0.0343,-0.0122,0.123
10.450000,0.0904,0.0167,-0.0250,0.095
10.455000,0.0464,0.0661,0.0124,0.082
10.460000,0.0406,0.0625,-0.0126,0.076
10.467000,0.0515,0.0257,-0.0495,0.076
10.470000,0.0457,0.0179,-0.0269,0.056
10.475000,0.0377,-0.0018,-0.0591,0.070
10.481000,0.0394,-0.0118,-0.0577,0.071
10.491000,0.0341,-0.0098,-0.1419,0.146
10.492000,0.0359,0.0159,-0.1137,0.120
10.505000,0.0116,-0.0204,-0.0763,0.080
10.506000,0.0350,-0.0421,-0.0678,0.087
10.506000,0.0369,-0.0446,0.0119,0.059
10.511000,0.0482,-0.0756,0.0199,0.092
10.516000,0.0382,-0.0994,0.0399,0.114
10.520000,0.0305,-0.1113,0.0362,0.121
10.529000,0.0038,-0.1303,0.0209,0.132
10.530000,0.0058,-0.1255,0.0273,0.129
10.537000,-0.0160,-0.0875,-0.0019,0.089
10.540000,-0.0235,-0.1141,0.0122,0.117
10.547000,0.0283,-0.1144,0.0073,0.118
10.552000,0.0702,-0.0958,-0.0188,0.120
10.556000,0.0761,-0.0941,0.0126,0.122
10.562000,0.0889,-0.0688,0.0297,0.116
10.567000,0.0708,-0.0698,-0.0388,0.107
10.572000,0.0481,-0.0330,0.0242,0.063
10.577000,0.0895,-0.0132,-0.0130,0.091
10.581000,0.1281,-0.0386,-0.0191,0.135
10.588000,0.1259,-0.0543,-0.3600,0.385
10.591000,0.0783,0.0885,-2.7632,2.766
10.598000,-0.1142,0.2774,-2.8059,2.822
10.601000,0.1309,-0.0501,0.1511,0.206
10.607000,0.3169,-0.1048,1.1156,1.164
10.627000,0.1913,0.0912,0.6283,0.663
10.628000,0.1119,0.1493,0.5815,0.611
10.628000,0.0348,0.0847,0.7035,0.709
10.629000,-0.0215,0.0193,0.6371,0.638
10.633000,0.0381,0.0767,0.6520,0.658
10.636000,0.1319,0.1419,0.6930,0.720
10.641000,0.1861,0.1388,0.6551,0.695
10.647000,0.1563,0.1276,0.3819,0.432
10.651000,0.1025,0.0851,0.2260,0.262
10.657000,0.0156,0.0354,0.1839,0.188
10.662000,-0.0403,0.0286,0.1951,0.201
10.667000,-0.0441,0.0119,0.3472,0.350
10.672000,-0.0555,-0.0031,0.5304,0.533
10.677000,0.0751,-0.0213,0.5335,0.539
10.682000,0.2716,0.0074,0.0795,0.283
10.688000,0.2471,0.0885,-0.9677,1.003
10.692000,0.0463,0.0617,-1.7038,1.706
10.698000,-0.0975,-0.0384,-1.6188,1.622
10.707000,-0.1331,-0.0859,-0.9326,0.946
